fdr_Id,Month,Fault_Count,Total_Duration,NoFault_Count,Fault_Label,temp,humidity,dew,windspeed,windgust,sealevelpressure,solarradiation,precip,reason_Bird / Animal Electrocuted,reason_Breaker Fault,reason_Bus Bar Broken,reason_Cable End Damage,reason_Cambric Lead,reason_Consumer Side Fault,reason_D/O Faulty,reason_Fire/Flash/Sparking,reason_HT Cable Lead,reason_HT IPC,reason_HT Jumper,reason_Insulator Damage,reason_KS Faults,reason_LBS Faults,reason_LT ABC Broken,reason_LT Cable Lead,reason_LT DB Fault,reason_LT Panel fault,reason_LT Wire Broken,reason_MISC,reason_Misc.,reason_PMT Link,reason_Relay Fault,reason_Tree Snapping,reason_Trolley Issue,reason_VIR / Wire / Cloth etc Grounding,reason_VIR / Wire / Cloth etc. grounding
3549,2025-01-01,11.0,969.95,20.0,1,18.738709677419354,42.10645161290322,3.806451612903226,17.94516129032258,28.88064516129032,1016.4774193548388,199.183870967742,0.0,2.0,0.0,0.0,0.0,1.0,0.0,0.0,1.0,0.0,0.0,0.0,0.0,0.0,0.0,0.0,0.0,0.0,0.0,0.0,0.0,1.0,3.0,0.0,0.0,1.0,1.0,1.0
558,2025-01-01,3.0,225.56666666666663,28.0,1,18.738709677419354,42.10645161290322,3.806451612903226,17.94516129032258,28.88064516129032,1016.4774193548388,199.183870967742,0.0,2.0,0.0,0.0,0.0,1.0,0.0,0.0,0.0,0.0,0.0,0.0,0.0,0.0,0.0,0.0,0.0,0.0,0.0,0.0,0.0,0.0,0.0,0.0,0.0,0.0,0.0,0.0
2024,2025-01-01,4.0,142.86666666666667,27.0,1,18.738709677419354,42.10645161290322,3.806451612903226,17.94516129032258,28.88064516129032,1016.4774193548388,199.183870967742,0.0,0.0,0.0,0.0,0.0,0.0,0.0,0.0,0.0,1.0,0.0,0.0,0.0,0.0,0.0,0.0,0.0,0.0,0.0,0.0,0.0,1.0,1.0,0.0,0.0,0.0,0.0,1.0
3904,2025-01-01,0.0,0.0,31.0,0,18.738709677419354,42.10645161290322,3.806451612903226,17.94516129032258,28.88064516129032,1016.4774193548388,199.183870967742,0.0,0.0,0.0,0.0,0.0,0.0,0.0,0.0,0.0,0.0,0.0,0.0,0.0,0.0,0.0,0.0,0.0,0.0,0.0,0.0,0.0,0.0,0.0,0.0,0.0,0.0,0.0,0.0
813,2025-01-01,11.0,1404.2833333333333,20.0,1,18.738709677419354,42.10645161290322,3.806451612903226,17.94516129032258,28.88064516129032,1016.4774193548388,199.183870967742,0.0,1.0,0.0,0.0,0.0,1.0,0.0,0.0,1.0,0.0,0.0,1.0,0.0,0.0,0.0,0.0,0.0,0.0,0.0,0.0,0.0,1.0,3.0,0.0,0.0,1.0,0.0,2.0
782,2025-01-01,10.0,1351.5833333333333,21.0,1,18.738709677419354,42.10645161290322,3.806451612903226,17.94516129032258,28.88064516129032,1016.4774193548388,199.183870967742,0.0,1.0,0.0,0.0,0.0,1.0,0.0,0.0,0.0,0.0,0.0,1.0,0.0,0.0,0.0,0.0,0.0,0.0,0.0,0.0,0.0,1.0,3.0,0.0,0.0,1.0,0.0,2.0
2023,2025-01-01,2.0,302.5333333333333,29.0,1,18.738709677419354,42.10645161290322,3.806451612903226,17.94516129032258,28.88064516129032,1016.4774193548388,199.183870967742,0.0,0.0,0.0,0.0,0.0,0.0,0.0,0.0,0.0,1.0,0.0,0.0,0.0,0.0,0.0,0.0,0.0,0.0,0.0,0.0,0.0,0.0,0.0,0.0,0.0,0.0,0.0,1.0
333,2025-01-01,0.0,0.0,31.0,0,18.738709677419354,42.10645161290322,3.806451612903226,17.94516129032258,28.88064516129032,1016.4774193548388,199.183870967742,0.0,0.0,0.0,0.0,0.0,0.0,0.0,0.0,0.0,0.0,0.0,0.0,0.0,0.0,0.0,0.0,0.0,0.0,0.0,0.0,0.0,0.0,0.0,0.0,0.0,0.0,0.0,0.0
109,2025-01-01,0.0,0.0,31.0,0,18.738709677419354,42.10645161290322,3.806451612903226,17.94516129032258,28.88064516129032,1016.4774193548388,199.183870967742,0.0,0.0,0.0,0.0,0.0,0.0,0.0,0.0,0.0,0.0,0.0,0.0,0.0,0.0,0.0,0.0,0.0,0.0,0.0,0.0,0.0,0.0,0.0,0.0,0.0,0.0,0.0,0.0
196,2025-01-01,1.0,25.25,30.0,1,18.738709677419354,42.10645161290322,3.806451612903226,17.94516129032258,28.88064516129032,1016.4774193548388,199.183870967742,0.0,0.0,0.0,0.0,0.0,0.0,0.0,0.0,0.0,0.0,0.0,1.0,0.0,0.0,0.0,0.0,0.0,0.0,0.0,0.0,0.0,0.0,0.0,0.0,0.0,0.0,0.0,0.0
657,2025-01-01,4.0,173.45,27.0,1,18.738709677419354,42.10645161290322,3.806451612903226,17.94516129032258,28.88064516129032,1016.4774193548388,199.183870967742,0.0,1.0,0.0,0.0,0.0,0.0,0.0,0.0,0.0,0.0,0.0,0.0,0.0,0.0,0.0,0.0,0.0,0.0,0.0,0.0,1.0,1.0,1.0,0.0,0.0,0.0,0.0,0.0
791,2025-01-01,22.0,2097.133333333333,9.0,1,18.738709677419354,42.10645161290322,3.806451612903226,17.94516129032258,28.88064516129032,1016.4774193548388,199.183870967742,0.0,2.0,0.0,0.0,0.0,1.0,0.0,0.0,2.0,1.0,0.0,4.0,0.0,0.0,0.0,0.0,0.0,0.0,0.0,0.0,0.0,2.0,6.0,0.0,0.0,1.0,0.0,3.0
2139,2025-01-01,0.0,0.0,31.0,0,18.738709677419354,42.10645161290322,3.806451612903226,17.94516129032258,28.88064516129032,1016.4774193548388,199.183870967742,0.0,0.0,0.0,0.0,0.0,0.0,0.0,0.0,0.0,0.0,0.0,0.0,0.0,0.0,0.0,0.0,0.0,0.0,0.0,0.0,0.0,0.0,0.0,0.0,0.0,0.0,0.0,0.0
2156,2025-01-01,1.0,3.95,30.0,1,18.738709677419354,42.10645161290322,3.806451612903226,17.94516129032258,28.88064516129032,1016.4774193548388,199.183870967742,0.0,0.0,0.0,0.0,0.0,0.0,0.0,0.0,0.0,0.0,0.0,0.0,0.0,0.0,0.0,0.0,0.0,0.0,0.0,0.0,0.0,0.0,0.0,0.0,0.0,0.0,1.0,0.0
193,2025-01-01,0.0,0.0,31.0,0,18.738709677419354,42.10645161290322,3.806451612903226,17.94516129032258,28.88064516129032,1016.4774193548388,199.183870967742,0.0,0.0,0.0,0.0,0.0,0.0,0.0,0.0,0.0,0.0,0.0,0.0,0.0,0.0,0.0,0.0,0.0,0.0,0.0,0.0,0.0,0.0,0.0,0.0,0.0,0.0,0.0,0.0
3905,2025-01-01,5.0,299.91666666666663,26.0,1,18.738709677419354,42.10645161290322,3.806451612903226,17.94516129032258,28.88064516129032,1016.4774193548388,199.183870967742,0.0,0.0,0.0,0.0,0.0,0.0,0.0,0.0,0.0,0.0,0.0,1.0,0.0,0.0,0.0,0.0,0.0,0.0,0.0,0.0,1.0,1.0,2.0,0.0,0.0,0.0,0.0,0.0
99,2025-01-01,0.0,0.0,31.0,0,18.738709677419354,42.10645161290322,3.806451612903226,17.94516129032258,28.88064516129032,1016.4774193548388,199.183870967742,0.0,0.0,0.0,0.0,0.0,0.0,0.0,0.0,0.0,0.0,0.0,0.0,0.0,0.0,0.0,0.0,0.0,0.0,0.0,0.0,0.0,0.0,0.0,0.0,0.0,0.0,0.0,0.0
2019,2025-01-01,2.0,47.35,30.0,1,18.738709677419354,42.10645161290322,3.806451612903226,17.94516129032258,28.88064516129032,1016.4774193548388,199.183870967742,0.0,0.0,0.0,0.0,0.0,0.0,0.0,0.0,1.0,0.0,0.0,0.0,0.0,0.0,0.0,0.0,0.0,0.0,0.0,0.0,0.0,0.0,0.0,0.0,0.0,0.0,0.0,1.0
553,2025-01-01,5.0,268.66666666666663,27.0,1,18.738709677419354,42.10645161290322,3.806451612903226,17.94516129032258,28.88064516129032,1016.4774193548388,199.183870967742,0.0,0.0,0.0,0.0,0.0,0.0,0.0,0.0,0.0,0.0,0.0,0.0,0.0,0.0,0.0,0.0,0.0,0.0,0.0,0.0,0.0,0.0,3.0,0.0,1.0,0.0,0.0,1.0
339,2025-01-01,2.0,129.51666666666665,29.0,1,18.738709677419354,42.10645161290322,3.806451612903226,17.94516129032258,28.88064516129032,1016.4774193548388,199.183870967742,0.0,0.0,0.0,0.0,0.0,0.0,0.0,0.0,0.0,0.0,0.0,1.0,0.0,0.0,0.0,0.0,0.0,0.0,0.0,0.0,0.0,0.0,0.0,0.0,0.0,0.0,0.0,1.0
338,2025-01-01,1.0,45.43333333333333,30.0,1,18.738709677419354,42.10645161290322,3.806451612903226,17.94516129032258,28.88064516129032,1016.4774193548388,199.183870967742,0.0,0.0,0.0,0.0,0.0,0.0,0.0,0.0,0.0,0.0,0.0,0.0,0.0,0.0,0.0,0.0,0.0,0.0,0.0,0.0,0.0,0.0,0.0,0.0,0.0,0.0,0.0,1.0
818,2025-01-01,16.0,2589.233333333333,17.0,1,18.738709677419354,42.10645161290322,3.806451612903226,17.94516129032258,28.88064516129032,1016.4774193548388,199.183870967742,0.0,2.0,0.0,0.0,0.0,0.0,0.0,0.0,1.0,1.0,0.0,3.0,0.0,0.0,0.0,0.0,0.0,0.0,0.0,0.0,0.0,1.0,4.0,0.0,0.0,0.0,1.0,3.0
3103,2025-01-01,0.0,0.0,31.0,0,18.738709677419354,42.10645161290322,3.806451612903226,17.94516129032258,28.88064516129032,1016.4774193548388,199.183870967742,0.0,0.0,0.0,0.0,0.0,0.0,0.0,0.0,0.0,0.0,0.0,0.0,0.0,0.0,0.0,0.0,0.0,0.0,0.0,0.0,0.0,0.0,0.0,0.0,0.0,0.0,0.0,0.0
1269,2025-01-01,1.0,50.28333333333333,30.0,1,18.738709677419354,42.10645161290322,3.806451612903226,17.94516129032258,28.88064516129032,1016.4774193548388,199.183870967742,0.0,0.0,0.0,0.0,0.0,0.0,0.0,0.0,0.0,0.0,0.0,0.0,0.0,0.0,0.0,0.0,0.0,0.0,0.0,0.0,0.0,0.0,1.0,0.0,0.0,0.0,0.0,0.0
779,2025-01-01,3.0,141.71666666666667,28.0,1,18.738709677419354,42.10645161290322,3.806451612903226,17.94516129032258,28.88064516129032,1016.4774193548388,199.183870967742,0.0,0.0,0.0,0.0,0.0,0.0,0.0,0.0,0.0,0.0,0.0,1.0,0.0,0.0,0.0,0.0,0.0,0.0,0.0,0.0,0.0,0.0,1.0,0.0,0.0,0.0,0.0,1.0
3903,2025-01-01,3.0,59.18333333333334,29.0,1,18.738709677419354,42.10645161290322,3.806451612903226,17.94516129032258,28.88064516129032,1016.4774193548388,199.183870967742,0.0,0.0,0.0,0.0,0.0,0.0,0.0,0.0,0.0,0.0,0.0,2.0,0.0,0.0,0.0,0.0,0.0,0.0,0.0,0.0,0.0,1.0,0.0,0.0,0.0,0.0,0.0,0.0
344,2025-01-01,1.0,47.38333333333333,30.0,1,18.738709677419354,42.10645161290322,3.806451612903226,17.94516129032258,28.88064516129032,1016.4774193548388,199.183870967742,0.0,0.0,0.0,0.0,0.0,0.0,0.0,0.0,0.0,0.0,0.0,0.0,0.0,0.0,0.0,0.0,0.0,0.0,0.0,0.0,0.0,1.0,0.0,0.0,0.0,0.0,0.0,0.0
111,2025-01-01,9.0,886.3166666666667,22.0,1,18.738709677419354,42.10645161290322,3.806451612903226,17.94516129032258,28.88064516129032,1016.4774193548388,199.183870967742,0.0,1.0,0.0,0.0,0.0,0.0,0.0,0.0,0.0,1.0,0.0,2.0,0.0,0.0,0.0,0.0,0.0,0.0,0.0,0.0,0.0,1.0,3.0,0.0,0.0,0.0,0.0,1.0
335,2025-01-01,2.0,60.0,29.0,1,18.738709677419354,42.10645161290322,3.806451612903226,17.94516129032258,28.88064516129032,1016.4774193548388,199.183870967742,0.0,0.0,0.0,0.0,0.0,0.0,0.0,0.0,0.0,1.0,0.0,0.0,0.0,0.0,0.0,0.0,0.0,0.0,0.0,0.0,0.0,0.0,1.0,0.0,0.0,0.0,0.0,0.0
3547,2025-01-01,13.0,1198.2833333333333,18.0,1,18.738709677419354,42.10645161290322,3.806451612903226,17.94516129032258,28.88064516129032,1016.4774193548388,199.183870967742,0.0,2.0,0.0,0.0,0.0,0.0,0.0,0.0,0.0,0.0,0.0,4.0,0.0,0.0,0.0,0.0,0.0,0.0,0.0,0.0,0.0,2.0,3.0,0.0,0.0,0.0,1.0,1.0
218,2025-01-01,0.0,0.0,31.0,0,18.738709677419354,42.10645161290322,3.806451612903226,17.94516129032258,28.88064516129032,1016.4774193548388,199.183870967742,0.0,0.0,0.0,0.0,0.0,0.0,0.0,0.0,0.0,0.0,0.0,0.0,0.0,0.0,0.0,0.0,0.0,0.0,0.0,0.0,0.0,0.0,0.0,0.0,0.0,0.0,0.0,0.0
190,2025-01-01,0.0,0.0,31.0,0,18.738709677419354,42.10645161290322,3.806451612903226,17.94516129032258,28.88064516129032,1016.4774193548388,199.183870967742,0.0,0.0,0.0,0.0,0.0,0.0,0.0,0.0,0.0,0.0,0.0,0.0,0.0,0.0,0.0,0.0,0.0,0.0,0.0,0.0,0.0,0.0,0.0,0.0,0.0,0.0,0.0,0.0
320,2025-01-01,6.0,325.7166666666667,25.0,1,18.738709677419354,42.10645161290322,3.806451612903226,17.94516129032258,28.88064516129032,1016.4774193548388,199.183870967742,0.0,2.0,0.0,0.0,0.0,1.0,0.0,0.0,0.0,1.0,0.0,0.0,0.0,0.0,0.0,0.0,0.0,0.0,0.0,1.0,0.0,0.0,1.0,0.0,0.0,0.0,0.0,0.0
2113,2025-01-01,4.0,296.31666666666666,27.0,1,18.738709677419354,42.10645161290322,3.806451612903226,17.94516129032258,28.88064516129032,1016.4774193548388,199.183870967742,0.0,1.0,0.0,0.0,0.0,0.0,0.0,0.0,1.0,0.0,0.0,0.0,0.0,0.0,0.0,0.0,0.0,0.0,0.0,0.0,0.0,0.0,0.0,0.0,0.0,0.0,0.0,2.0
2094,2025-01-01,2.0,139.51666666666668,29.0,1,18.738709677419354,42.10645161290322,3.806451612903226,17.94516129032258,28.88064516129032,1016.4774193548388,199.183870967742,0.0,1.0,0.0,0.0,0.0,0.0,0.0,0.0,0.0,0.0,0.0,0.0,0.0,0.0,0.0,0.0,0.0,0.0,0.0,0.0,0.0,0.0,0.0,0.0,0.0,0.0,0.0,1.0
2073,2025-01-01,6.0,223.4833333333333,25.0,1,18.738709677419354,42.10645161290322,3.806451612903226,17.94516129032258,28.88064516129032,1016.4774193548388,199.183870967742,0.0,1.0,0.0,0.0,0.0,0.0,0.0,0.0,1.0,0.0,0.0,1.0,0.0,0.0,0.0,0.0,0.0,0.0,0.0,0.0,1.0,0.0,1.0,0.0,0.0,0.0,1.0,0.0
2030,2025-01-01,11.0,1055.65,20.0,1,18.738709677419354,42.10645161290322,3.806451612903226,17.94516129032258,28.88064516129032,1016.4774193548388,199.183870967742,0.0,1.0,0.0,0.0,0.0,0.0,0.0,0.0,0.0,0.0,0.0,3.0,0.0,0.0,0.0,0.0,0.0,0.0,0.0,0.0,0.0,1.0,3.0,0.0,0.0,0.0,1.0,2.0
223,2025-01-01,1.0,71.06666666666666,30.0,1,18.738709677419354,42.10645161290322,3.806451612903226,17.94516129032258,28.88064516129032,1016.4774193548388,199.183870967742,0.0,0.0,0.0,0.0,0.0,0.0,0.0,0.0,0.0,0.0,0.0,0.0,0.0,0.0,0.0,0.0,0.0,0.0,0.0,0.0,0.0,0.0,0.0,0.0,0.0,0.0,0.0,1.0
890,2025-01-01,3.0,116.53333333333332,29.0,1,18.738709677419354,42.10645161290322,3.806451612903226,17.94516129032258,28.88064516129032,1016.4774193548388,199.183870967742,0.0,0.0,0.0,0.0,0.0,0.0,0.0,0.0,0.0,0.0,0.0,0.0,0.0,0.0,0.0,0.0,0.0,0.0,0.0,0.0,0.0,0.0,2.0,0.0,0.0,0.0,0.0,1.0
2018,2025-01-01,12.0,1122.9,19.0,1,18.738709677419354,42.10645161290322,3.806451612903226,17.94516129032258,28.88064516129032,1016.4774193548388,199.183870967742,0.0,1.0,0.0,0.0,0.0,1.0,0.0,0.0,2.0,0.0,0.0,1.0,0.0,0.0,0.0,0.0,0.0,0.0,0.0,0.0,0.0,0.0,3.0,0.0,0.0,1.0,0.0,3.0
2100,2025-01-01,3.0,153.65,28.0,1,18.738709677419354,42.10645161290322,3.806451612903226,17.94516129032258,28.88064516129032,1016.4774193548388,199.183870967742,0.0,0.0,0.0,0.0,0.0,0.0,0.0,0.0,0.0,0.0,0.0,1.0,0.0,0.0,0.0,0.0,0.0,0.0,0.0,0.0,0.0,0.0,0.0,0.0,0.0,0.0,0.0,2.0
3539,2025-01-01,0.0,0.0,31.0,0,18.738709677419354,42.10645161290322,3.806451612903226,17.94516129032258,28.88064516129032,1016.4774193548388,199.183870967742,0.0,0.0,0.0,0.0,0.0,0.0,0.0,0.0,0.0,0.0,0.0,0.0,0.0,0.0,0.0,0.0,0.0,0.0,0.0,0.0,0.0,0.0,0.0,0.0,0.0,0.0,0.0,0.0
1264,2025-01-01,2.0,208.1,29.0,1,18.738709677419354,42.10645161290322,3.806451612903226,17.94516129032258,28.88064516129032,1016.4774193548388,199.183870967742,0.0,0.0,0.0,0.0,0.0,0.0,0.0,0.0,0.0,0.0,0.0,0.0,0.0,0.0,0.0,0.0,0.0,0.0,0.0,0.0,0.0,1.0,1.0,0.0,0.0,0.0,0.0,0.0
347,2025-01-01,2.0,89.61666666666667,29.0,1,18.738709677419354,42.10645161290322,3.806451612903226,17.94516129032258,28.88064516129032,1016.4774193548388,199.183870967742,0.0,0.0,0.0,0.0,0.0,0.0,0.0,0.0,0.0,0.0,0.0,1.0,0.0,0.0,0.0,0.0,0.0,0.0,0.0,0.0,0.0,0.0,1.0,0.0,0.0,0.0,0.0,0.0
3016,2025-01-01,1.0,92.31666666666666,30.0,1,18.738709677419354,42.10645161290322,3.806451612903226,17.94516129032258,28.88064516129032,1016.4774193548388,199.183870967742,0.0,0.0,0.0,0.0,0.0,0.0,0.0,0.0,0.0,0.0,0.0,0.0,0.0,0.0,0.0,0.0,0.0,0.0,0.0,0.0,0.0,0.0,0.0,0.0,0.0,0.0,0.0,1.0
1176,2025-01-01,4.0,200.6,27.0,1,18.738709677419354,42.10645161290322,3.806451612903226,17.94516129032258,28.88064516129032,1016.4774193548388,199.183870967742,0.0,1.0,0.0,0.0,0.0,0.0,0.0,0.0,0.0,0.0,0.0,0.0,0.0,0.0,0.0,0.0,0.0,0.0,0.0,0.0,0.0,0.0,1.0,0.0,0.0,1.0,0.0,1.0
1177,2025-01-01,2.0,82.15,29.0,1,18.738709677419354,42.10645161290322,3.806451612903226,17.94516129032258,28.88064516129032,1016.4774193548388,199.183870967742,0.0,0.0,0.0,0.0,0.0,0.0,0.0,0.0,0.0,0.0,0.0,0.0,0.0,0.0,0.0,0.0,0.0,0.0,0.0,0.0,0.0,0.0,1.0,0.0,0.0,0.0,0.0,1.0
2035,2025-01-01,6.0,541.8333333333334,26.0,1,18.738709677419354,42.10645161290322,3.806451612903226,17.94516129032258,28.88064516129032,1016.4774193548388,199.183870967742,0.0,1.0,0.0,0.0,0.0,1.0,0.0,0.0,1.0,0.0,0.0,1.0,0.0,0.0,0.0,0.0,0.0,0.0,0.0,0.0,0.0,0.0,2.0,0.0,0.0,0.0,0.0,0.0
775,2025-01-01,7.0,186.45,24.0,1,18.738709677419354,42.10645161290322,3.806451612903226,17.94516129032258,28.88064516129032,1016.4774193548388,199.183870967742,0.0,0.0,0.0,0.0,0.0,1.0,0.0,0.0,0.0,0.0,0.0,2.0,0.0,0.0,0.0,0.0,0.0,0.0,0.0,0.0,0.0,2.0,2.0,0.0,0.0,0.0,0.0,0.0
3596,2025-01-01,5.0,148.95,26.0,1,18.738709677419354,42.10645161290322,3.806451612903226,17.94516129032258,28.88064516129032,1016.4774193548388,199.183870967742,0.0,0.0,0.0,0.0,0.0,1.0,0.0,0.0,0.0,0.0,0.0,2.0,0.0,0.0,0.0,0.0,0.0,0.0,0.0,0.0,0.0,1.0,1.0,0.0,0.0,0.0,0.0,0.0
3551,2025-01-01,0.0,0.0,31.0,0,18.738709677419354,42.10645161290322,3.806451612903226,17.94516129032258,28.88064516129032,1016.4774193548388,199.183870967742,0.0,0.0,0.0,0.0,0.0,0.0,0.0,0.0,0.0,0.0,0.0,0.0,0.0,0.0,0.0,0.0,0.0,0.0,0.0,0.0,0.0,0.0,0.0,0.0,0.0,0.0,0.0,0.0
795,2025-01-01,2.0,130.8,29.0,1,18.738709677419354,42.10645161290322,3.806451612903226,17.94516129032258,28.88064516129032,1016.4774193548388,199.183870967742,0.0,1.0,0.0,0.0,0.0,0.0,0.0,0.0,0.0,1.0,0.0,0.0,0.0,0.0,0.0,0.0,0.0,0.0,0.0,0.0,0.0,0.0,0.0,0.0,0.0,0.0,0.0,0.0
555,2025-01-01,9.0,889.3666666666667,22.0,1,18.738709677419354,42.10645161290322,3.806451612903226,17.94516129032258,28.88064516129032,1016.4774193548388,199.183870967742,0.0,1.0,0.0,0.0,0.0,0.0,0.0,0.0,0.0,1.0,0.0,2.0,0.0,0.0,0.0,0.0,0.0,0.0,0.0,0.0,0.0,1.0,3.0,0.0,0.0,0.0,0.0,1.0
330,2025-01-01,1.0,12.15,30.0,1,18.738709677419354,42.10645161290322,3.806451612903226,17.94516129032258,28.88064516129032,1016.4774193548388,199.183870967742,0.0,0.0,0.0,0.0,0.0,0.0,0.0,0.0,0.0,1.0,0.0,0.0,0.0,0.0,0.0,0.0,0.0,0.0,0.0,0.0,0.0,0.0,0.0,0.0,0.0,0.0,0.0,0.0
3514,2025-01-01,0.0,0.0,31.0,0,18.738709677419354,42.10645161290322,3.806451612903226,17.94516129032258,28.88064516129032,1016.4774193548388,199.183870967742,0.0,0.0,0.0,0.0,0.0,0.0,0.0,0.0,0.0,0.0,0.0,0.0,0.0,0.0,0.0,0.0,0.0,0.0,0.0,0.0,0.0,0.0,0.0,0.0,0.0,0.0,0.0,0.0
559,2025-01-01,1.0,74.61666666666666,30.0,1,18.738709677419354,42.10645161290322,3.806451612903226,17.94516129032258,28.88064516129032,1016.4774193548388,199.183870967742,0.0,0.0,0.0,0.0,0.0,0.0,0.0,0.0,0.0,0.0,0.0,1.0,0.0,0.0,0.0,0.0,0.0,0.0,0.0,0.0,0.0,0.0,0.0,0.0,0.0,0.0,0.0,0.0
3566,2025-01-01,2.0,133.76666666666668,29.0,1,18.738709677419354,42.10645161290322,3.806451612903226,17.94516129032258,28.88064516129032,1016.4774193548388,199.183870967742,0.0,0.0,0.0,0.0,0.0,0.0,0.0,0.0,0.0,0.0,0.0,0.0,0.0,0.0,0.0,0.0,0.0,0.0,0.0,0.0,0.0,1.0,0.0,0.0,0.0,0.0,0.0,1.0
326,2025-01-01,2.0,79.25,29.0,1,18.738709677419354,42.10645161290322,3.806451612903226,17.94516129032258,28.88064516129032,1016.4774193548388,199.183870967742,0.0,0.0,0.0,0.0,0.0,0.0,0.0,0.0,0.0,1.0,0.0,0.0,0.0,0.0,0.0,0.0,0.0,1.0,0.0,0.0,0.0,0.0,0.0,0.0,0.0,0.0,0.0,0.0
796,2025-01-01,12.0,1313.25,20.0,1,18.738709677419354,42.10645161290322,3.806451612903226,17.94516129032258,28.88064516129032,1016.4774193548388,199.183870967742,0.0,2.0,0.0,0.0,0.0,0.0,0.0,0.0,0.0,0.0,0.0,2.0,0.0,0.0,0.0,0.0,0.0,0.0,0.0,0.0,0.0,1.0,3.0,0.0,0.0,1.0,0.0,3.0
1152,2025-01-01,0.0,0.0,31.0,0,18.738709677419354,42.10645161290322,3.806451612903226,17.94516129032258,28.88064516129032,1016.4774193548388,199.183870967742,0.0,0.0,0.0,0.0,0.0,0.0,0.0,0.0,0.0,0.0,0.0,0.0,0.0,0.0,0.0,0.0,0.0,0.0,0.0,0.0,0.0,0.0,0.0,0.0,0.0,0.0,0.0,0.0
3341,2025-01-01,0.0,0.0,31.0,0,18.738709677419354,42.10645161290322,3.806451612903226,17.94516129032258,28.88064516129032,1016.4774193548388,199.183870967742,0.0,0.0,0.0,0.0,0.0,0.0,0.0,0.0,0.0,0.0,0.0,0.0,0.0,0.0,0.0,0.0,0.0,0.0,0.0,0.0,0.0,0.0,0.0,0.0,0.0,0.0,0.0,0.0
3459,2025-01-01,6.0,247.26666666666668,25.0,1,18.738709677419354,42.10645161290322,3.806451612903226,17.94516129032258,28.88064516129032,1016.4774193548388,199.183870967742,0.0,2.0,0.0,0.0,0.0,0.0,0.0,0.0,0.0,0.0,0.0,0.0,0.0,0.0,0.0,0.0,0.0,0.0,0.0,0.0,1.0,0.0,2.0,0.0,1.0,0.0,0.0,0.0
3108,2025-01-01,8.0,436.4,23.0,1,18.738709677419354,42.10645161290322,3.806451612903226,17.94516129032258,28.88064516129032,1016.4774193548388,199.183870967742,0.0,1.0,0.0,0.0,0.0,0.0,0.0,0.0,0.0,0.0,0.0,2.0,0.0,0.0,0.0,0.0,0.0,0.0,0.0,0.0,0.0,1.0,3.0,0.0,0.0,0.0,0.0,1.0
316,2025-01-01,3.0,124.68333333333334,29.0,1,18.738709677419354,42.10645161290322,3.806451612903226,17.94516129032258,28.88064516129032,1016.4774193548388,199.183870967742,0.0,0.0,0.0,0.0,0.0,0.0,0.0,0.0,0.0,1.0,0.0,0.0,0.0,0.0,0.0,0.0,0.0,0.0,0.0,0.0,0.0,0.0,2.0,0.0,0.0,0.0,0.0,0.0
3548,2025-01-01,0.0,0.0,31.0,0,18.738709677419354,42.10645161290322,3.806451612903226,17.94516129032258,28.88064516129032,1016.4774193548388,199.183870967742,0.0,0.0,0.0,0.0,0.0,0.0,0.0,0.0,0.0,0.0,0.0,0.0,0.0,0.0,0.0,0.0,0.0,0.0,0.0,0.0,0.0,0.0,0.0,0.0,0.0,0.0,0.0,0.0
2083,2025-01-01,2.0,102.06666666666666,29.0,1,18.738709677419354,42.10645161290322,3.806451612903226,17.94516129032258,28.88064516129032,1016.4774193548388,199.183870967742,0.0,1.0,0.0,0.0,0.0,0.0,0.0,0.0,0.0,0.0,0.0,0.0,0.0,0.0,0.0,0.0,0.0,0.0,0.0,0.0,0.0,0.0,0.0,0.0,0.0,0.0,0.0,1.0
560,2025-01-01,4.0,118.76666666666664,27.0,1,18.738709677419354,42.10645161290322,3.806451612903226,17.94516129032258,28.88064516129032,1016.4774193548388,199.183870967742,0.0,0.0,0.0,0.0,0.0,0.0,0.0,0.0,0.0,1.0,0.0,0.0,0.0,0.0,0.0,0.0,0.0,0.0,0.0,0.0,1.0,0.0,1.0,0.0,1.0,0.0,0.0,0.0
323,2025-01-01,2.0,53.016666666666666,29.0,1,18.738709677419354,42.10645161290322,3.806451612903226,17.94516129032258,28.88064516129032,1016.4774193548388,199.183870967742,0.0,0.0,0.0,0.0,0.0,0.0,0.0,0.0,1.0,1.0,0.0,0.0,0.0,0.0,0.0,0.0,0.0,0.0,0.0,0.0,0.0,0.0,0.0,0.0,0.0,0.0,0.0,0.0
224,2025-01-01,2.0,43.38333333333333,29.0,1,18.738709677419354,42.10645161290322,3.806451612903226,17.94516129032258,28.88064516129032,1016.4774193548388,199.183870967742,0.0,0.0,0.0,0.0,0.0,0.0,0.0,0.0,1.0,0.0,0.0,0.0,0.0,0.0,0.0,0.0,0.0,0.0,0.0,0.0,0.0,0.0,0.0,0.0,0.0,0.0,1.0,0.0
1216,2025-01-01,2.0,72.76666666666667,29.0,1,18.738709677419354,42.10645161290322,3.806451612903226,17.94516129032258,28.88064516129032,1016.4774193548388,199.183870967742,0.0,0.0,0.0,0.0,0.0,0.0,0.0,0.0,0.0,1.0,0.0,0.0,0.0,0.0,0.0,0.0,0.0,0.0,0.0,0.0,0.0,0.0,0.0,0.0,0.0,0.0,0.0,1.0
3502,2025-01-01,3.0,128.58333333333334,28.0,1,18.738709677419354,42.10645161290322,3.806451612903226,17.94516129032258,28.88064516129032,1016.4774193548388,199.183870967742,0.0,0.0,0.0,0.0,0.0,0.0,0.0,0.0,0.0,0.0,0.0,1.0,0.0,0.0,0.0,0.0,0.0,0.0,0.0,0.0,0.0,0.0,1.0,0.0,0.0,0.0,0.0,1.0
3157,2025-01-01,0.0,0.0,31.0,0,18.738709677419354,42.10645161290322,3.806451612903226,17.94516129032258,28.88064516129032,1016.4774193548388,199.183870967742,0.0,0.0,0.0,0.0,0.0,0.0,0.0,0.0,0.0,0.0,0.0,0.0,0.0,0.0,0.0,0.0,0.0,0.0,0.0,0.0,0.0,0.0,0.0,0.0,0.0,0.0,0.0,0.0
805,2025-01-01,2.0,44.23333333333333,29.0,1,18.738709677419354,42.10645161290322,3.806451612903226,17.94516129032258,28.88064516129032,1016.4774193548388,199.183870967742,0.0,1.0,0.0,0.0,0.0,0.0,0.0,0.0,0.0,0.0,0.0,0.0,0.0,0.0,0.0,0.0,0.0,0.0,0.0,0.0,0.0,0.0,1.0,0.0,0.0,0.0,0.0,0.0
3477,2025-01-01,1.0,34.05,30.0,1,18.738709677419354,42.10645161290322,3.806451612903226,17.94516129032258,28.88064516129032,1016.4774193548388,199.183870967742,0.0,0.0,0.0,0.0,0.0,0.0,0.0,0.0,0.0,0.0,0.0,0.0,0.0,0.0,0.0,0.0,0.0,0.0,0.0,0.0,0.0,0.0,0.0,0.0,0.0,0.0,0.0,1.0
3177,2025-01-01,6.0,160.31666666666666,25.0,1,18.738709677419354,42.10645161290322,3.806451612903226,17.94516129032258,28.88064516129032,1016.4774193548388,199.183870967742,0.0,0.0,0.0,0.0,0.0,0.0,0.0,0.0,0.0,0.0,0.0,1.0,0.0,0.0,0.0,0.0,0.0,0.0,0.0,0.0,0.0,0.0,0.0,0.0,1.0,0.0,0.0,4.0
3582,2025-01-01,1.0,5.433333333333334,30.0,1,18.738709677419354,42.10645161290322,3.806451612903226,17.94516129032258,28.88064516129032,1016.4774193548388,199.183870967742,0.0,0.0,0.0,0.0,0.0,0.0,0.0,0.0,0.0,0.0,0.0,0.0,0.0,0.0,0.0,0.0,0.0,0.0,0.0,0.0,0.0,0.0,0.0,0.0,0.0,0.0,0.0,1.0
298,2025-01-01,3.0,134.91666666666666,28.0,1,18.738709677419354,42.10645161290322,3.806451612903226,17.94516129032258,28.88064516129032,1016.4774193548388,199.183870967742,0.0,0.0,0.0,0.0,0.0,0.0,0.0,0.0,0.0,0.0,0.0,2.0,0.0,0.0,0.0,0.0,0.0,0.0,0.0,0.0,0.0,0.0,1.0,0.0,0.0,0.0,0.0,0.0
3107,2025-01-01,9.0,826.7166666666667,22.0,1,18.738709677419354,42.10645161290322,3.806451612903226,17.94516129032258,28.88064516129032,1016.4774193548388,199.183870967742,0.0,1.0,0.0,0.0,0.0,0.0,0.0,0.0,0.0,0.0,0.0,3.0,0.0,0.0,0.0,0.0,0.0,0.0,0.0,0.0,0.0,1.0,3.0,0.0,0.0,0.0,0.0,1.0
117,2025-01-01,9.0,805.9333333333334,23.0,1,18.738709677419354,42.10645161290322,3.806451612903226,17.94516129032258,28.88064516129032,1016.4774193548388,199.183870967742,0.0,2.0,0.0,0.0,0.0,0.0,0.0,0.0,0.0,0.0,0.0,3.0,0.0,0.0,0.0,0.0,0.0,0.0,0.0,0.0,0.0,1.0,2.0,0.0,0.0,0.0,0.0,1.0
3697,2025-01-01,8.0,789.8833333333333,23.0,1,18.738709677419354,42.10645161290322,3.806451612903226,17.94516129032258,28.88064516129032,1016.4774193548388,199.183870967742,0.0,1.0,0.0,0.0,0.0,0.0,0.0,0.0,0.0,0.0,0.0,3.0,0.0,0.0,0.0,0.0,0.0,0.0,0.0,0.0,0.0,1.0,2.0,0.0,0.0,0.0,0.0,1.0
348,2025-01-01,3.0,68.64999999999999,28.0,1,18.738709677419354,42.10645161290322,3.806451612903226,17.94516129032258,28.88064516129032,1016.4774193548388,199.183870967742,0.0,0.0,0.0,0.0,0.0,1.0,0.0,0.0,1.0,0.0,0.0,0.0,0.0,0.0,0.0,0.0,0.0,0.0,0.0,0.0,0.0,1.0,0.0,0.0,0.0,0.0,0.0,0.0
2124,2025-01-01,1.0,14.133333333333333,30.0,1,18.738709677419354,42.10645161290322,3.806451612903226,17.94516129032258,28.88064516129032,1016.4774193548388,199.183870967742,0.0,0.0,0.0,0.0,0.0,0.0,0.0,0.0,0.0,0.0,0.0,0.0,0.0,0.0,0.0,0.0,0.0,0.0,0.0,0.0,0.0,0.0,0.0,0.0,0.0,0.0,0.0,1.0
3053,2025-01-01,0.0,0.0,31.0,0,18.738709677419354,42.10645161290322,3.806451612903226,17.94516129032258,28.88064516129032,1016.4774193548388,199.183870967742,0.0,0.0,0.0,0.0,0.0,0.0,0.0,0.0,0.0,0.0,0.0,0.0,0.0,0.0,0.0,0.0,0.0,0.0,0.0,0.0,0.0,0.0,0.0,0.0,0.0,0.0,0.0,0.0
102,2025-01-01,0.0,0.0,31.0,0,18.738709677419354,42.10645161290322,3.806451612903226,17.94516129032258,28.88064516129032,1016.4774193548388,199.183870967742,0.0,0.0,0.0,0.0,0.0,0.0,0.0,0.0,0.0,0.0,0.0,0.0,0.0,0.0,0.0,0.0,0.0,0.0,0.0,0.0,0.0,0.0,0.0,0.0,0.0,0.0,0.0,0.0
103,2025-01-01,0.0,0.0,31.0,0,18.738709677419354,42.10645161290322,3.806451612903226,17.94516129032258,28.88064516129032,1016.4774193548388,199.183870967742,0.0,0.0,0.0,0.0,0.0,0.0,0.0,0.0,0.0,0.0,0.0,0.0,0.0,0.0,0.0,0.0,0.0,0.0,0.0,0.0,0.0,0.0,0.0,0.0,0.0,0.0,0.0,0.0
3342,2025-01-01,1.0,15.65,30.0,1,18.738709677419354,42.10645161290322,3.806451612903226,17.94516129032258,28.88064516129032,1016.4774193548388,199.183870967742,0.0,0.0,0.0,0.0,0.0,0.0,0.0,0.0,0.0,0.0,0.0,0.0,0.0,0.0,0.0,0.0,0.0,0.0,0.0,0.0,0.0,0.0,0.0,0.0,0.0,0.0,1.0,0.0
329,2025-01-01,4.0,355.26666666666665,27.0,1,18.738709677419354,42.10645161290322,3.806451612903226,17.94516129032258,28.88064516129032,1016.4774193548388,199.183870967742,0.0,0.0,0.0,0.0,0.0,0.0,0.0,0.0,0.0,0.0,0.0,1.0,0.0,0.0,0.0,0.0,0.0,0.0,0.0,0.0,0.0,1.0,2.0,0.0,0.0,0.0,0.0,0.0
554,2025-01-01,17.0,1323.0,18.0,1,18.738709677419354,42.10645161290322,3.806451612903226,17.94516129032258,28.88064516129032,1016.4774193548388,199.183870967742,0.0,0.0,0.0,0.0,0.0,1.0,0.0,0.0,1.0,0.0,0.0,4.0,0.0,0.0,0.0,0.0,0.0,0.0,0.0,1.0,0.0,3.0,4.0,0.0,0.0,1.0,1.0,1.0
548,2025-01-01,15.0,1306.5333333333333,18.0,1,18.738709677419354,42.10645161290322,3.806451612903226,17.94516129032258,28.88064516129032,1016.4774193548388,199.183870967742,0.0,0.0,0.0,0.0,0.0,1.0,0.0,0.0,1.0,0.0,0.0,0.0,0.0,0.0,0.0,0.0,0.0,0.0,0.0,0.0,0.0,4.0,5.0,0.0,0.0,1.0,1.0,2.0
351,2025-01-01,3.0,163.5,28.0,1,18.738709677419354,42.10645161290322,3.806451612903226,17.94516129032258,28.88064516129032,1016.4774193548388,199.183870967742,0.0,0.0,0.0,0.0,0.0,0.0,0.0,0.0,0.0,0.0,0.0,2.0,0.0,0.0,0.0,0.0,0.0,0.0,0.0,0.0,0.0,0.0,0.0,0.0,1.0,0.0,0.0,0.0
3557,2025-01-01,1.0,30.633333333333333,30.0,1,18.738709677419354,42.10645161290322,3.806451612903226,17.94516129032258,28.88064516129032,1016.4774193548388,199.183870967742,0.0,0.0,0.0,0.0,0.0,0.0,0.0,0.0,0.0,1.0,0.0,0.0,0.0,0.0,0.0,0.0,0.0,0.0,0.0,0.0,0.0,0.0,0.0,0.0,0.0,0.0,0.0,0.0
4264,2025-01-01,0.0,0.0,31.0,0,18.738709677419354,42.10645161290322,3.806451612903226,17.94516129032258,28.88064516129032,1016.4774193548388,199.183870967742,0.0,0.0,0.0,0.0,0.0,0.0,0.0,0.0,0.0,0.0,0.0,0.0,0.0,0.0,0.0,0.0,0.0,0.0,0.0,0.0,0.0,0.0,0.0,0.0,0.0,0.0,0.0,0.0
3325,2025-01-01,0.0,0.0,31.0,0,18.738709677419354,42.10645161290322,3.806451612903226,17.94516129032258,28.88064516129032,1016.4774193548388,199.183870967742,0.0,0.0,0.0,0.0,0.0,0.0,0.0,0.0,0.0,0.0,0.0,0.0,0.0,0.0,0.0,0.0,0.0,0.0,0.0,0.0,0.0,0.0,0.0,0.0,0.0,0.0,0.0,0.0
4092,2025-01-01,0.0,0.0,31.0,0,18.738709677419354,42.10645161290322,3.806451612903226,17.94516129032258,28.88064516129032,1016.4774193548388,199.183870967742,0.0,0.0,0.0,0.0,0.0,0.0,0.0,0.0,0.0,0.0,0.0,0.0,0.0,0.0,0.0,0.0,0.0,0.0,0.0,0.0,0.0,0.0,0.0,0.0,0.0,0.0,0.0,0.0
346,2025-01-01,0.0,0.0,31.0,0,18.738709677419354,42.10645161290322,3.806451612903226,17.94516129032258,28.88064516129032,1016.4774193548388,199.183870967742,0.0,0.0,0.0,0.0,0.0,0.0,0.0,0.0,0.0,0.0,0.0,0.0,0.0,0.0,0.0,0.0,0.0,0.0,0.0,0.0,0.0,0.0,0.0,0.0,0.0,0.0,0.0,0.0
669,2025-01-01,4.0,486.3666666666667,27.0,1,18.738709677419354,42.10645161290322,3.806451612903226,17.94516129032258,28.88064516129032,1016.4774193548388,199.183870967742,0.0,1.0,0.0,0.0,0.0,0.0,0.0,0.0,0.0,0.0,0.0,0.0,0.0,0.0,0.0,0.0,0.0,0.0,0.0,0.0,0.0,1.0,2.0,0.0,0.0,0.0,0.0,0.0
343,2025-01-01,3.0,159.06666666666666,28.0,1,18.738709677419354,42.10645161290322,3.806451612903226,17.94516129032258,28.88064516129032,1016.4774193548388,199.183870967742,0.0,0.0,0.0,0.0,0.0,0.0,0.0,0.0,0.0,0.0,0.0,1.0,0.0,0.0,0.0,0.0,0.0,0.0,0.0,0.0,0.0,0.0,0.0,0.0,0.0,0.0,0.0,2.0
3118,2025-01-01,1.0,49.46666666666667,30.0,1,18.738709677419354,42.10645161290322,3.806451612903226,17.94516129032258,28.88064516129032,1016.4774193548388,199.183870967742,0.0,0.0,0.0,0.0,0.0,0.0,0.0,0.0,0.0,0.0,0.0,0.0,0.0,0.0,0.0,0.0,0.0,0.0,0.0,0.0,0.0,0.0,0.0,0.0,0.0,0.0,0.0,1.0
340,2025-01-01,1.0,107.66666666666669,30.0,1,18.738709677419354,42.10645161290322,3.806451612903226,17.94516129032258,28.88064516129032,1016.4774193548388,199.183870967742,0.0,0.0,0.0,0.0,0.0,0.0,0.0,0.0,0.0,0.0,0.0,0.0,0.0,0.0,0.0,0.0,0.0,0.0,0.0,0.0,0.0,0.0,0.0,0.0,0.0,0.0,0.0,1.0
222,2025-01-01,2.0,170.58333333333334,29.0,1,18.738709677419354,42.10645161290322,3.806451612903226,17.94516129032258,28.88064516129032,1016.4774193548388,199.183870967742,0.0,0.0,0.0,0.0,0.0,0.0,0.0,0.0,1.0,0.0,0.0,1.0,0.0,0.0,0.0,0.0,0.0,0.0,0.0,0.0,0.0,0.0,0.0,0.0,0.0,0.0,0.0,0.0
195,2025-01-01,2.0,39.41666666666667,29.0,1,18.738709677419354,42.10645161290322,3.806451612903226,17.94516129032258,28.88064516129032,1016.4774193548388,199.183870967742,0.0,1.0,0.0,0.0,0.0,0.0,0.0,0.0,1.0,0.0,0.0,0.0,0.0,0.0,0.0,0.0,0.0,0.0,0.0,0.0,0.0,0.0,0.0,0.0,0.0,0.0,0.0,0.0
205,2025-01-01,1.0,14.883333333333333,30.0,1,18.738709677419354,42.10645161290322,3.806451612903226,17.94516129032258,28.88064516129032,1016.4774193548388,199.183870967742,0.0,0.0,0.0,0.0,0.0,0.0,0.0,0.0,0.0,0.0,0.0,0.0,0.0,0.0,0.0,0.0,0.0,0.0,0.0,0.0,0.0,0.0,0.0,0.0,0.0,0.0,0.0,1.0
563,2025-01-01,3.0,149.06666666666666,28.0,1,18.738709677419354,42.10645161290322,3.806451612903226,17.94516129032258,28.88064516129032,1016.4774193548388,199.183870967742,0.0,1.0,0.0,0.0,0.0,0.0,0.0,0.0,0.0,0.0,0.0,0.0,0.0,0.0,0.0,0.0,0.0,0.0,0.0,0.0,0.0,0.0,1.0,0.0,0.0,0.0,0.0,1.0
2120,2025-01-01,2.0,184.63333333333333,29.0,1,18.738709677419354,42.10645161290322,3.806451612903226,17.94516129032258,28.88064516129032,1016.4774193548388,199.183870967742,0.0,0.0,0.0,0.0,0.0,0.0,1.0,0.0,0.0,0.0,0.0,1.0,0.0,0.0,0.0,0.0,0.0,0.0,0.0,0.0,0.0,0.0,0.0,0.0,0.0,0.0,0.0,0.0
334,2025-01-01,1.0,23.766666666666666,30.0,1,18.738709677419354,42.10645161290322,3.806451612903226,17.94516129032258,28.88064516129032,1016.4774193548388,199.183870967742,0.0,0.0,0.0,0.0,0.0,0.0,0.0,0.0,0.0,1.0,0.0,0.0,0.0,0.0,0.0,0.0,0.0,0.0,0.0,0.0,0.0,0.0,0.0,0.0,0.0,0.0,0.0,0.0
191,2025-01-01,0.0,0.0,31.0,0,18.738709677419354,42.10645161290322,3.806451612903226,17.94516129032258,28.88064516129032,1016.4774193548388,199.183870967742,0.0,0.0,0.0,0.0,0.0,0.0,0.0,0.0,0.0,0.0,0.0,0.0,0.0,0.0,0.0,0.0,0.0,0.0,0.0,0.0,0.0,0.0,0.0,0.0,0.0,0.0,0.0,0.0
3414,2025-01-01,5.0,209.56666666666663,26.0,1,18.738709677419354,42.10645161290322,3.806451612903226,17.94516129032258,28.88064516129032,1016.4774193548388,199.183870967742,0.0,1.0,0.0,0.0,0.0,1.0,0.0,0.0,0.0,0.0,0.0,1.0,0.0,0.0,0.0,0.0,0.0,0.0,0.0,0.0,0.0,2.0,0.0,0.0,0.0,0.0,0.0,0.0
667,2025-01-01,5.0,227.06666666666663,26.0,1,18.738709677419354,42.10645161290322,3.806451612903226,17.94516129032258,28.88064516129032,1016.4774193548388,199.183870967742,0.0,1.0,0.0,0.0,0.0,1.0,0.0,0.0,0.0,0.0,0.0,2.0,0.0,0.0,0.0,0.0,0.0,0.0,0.0,0.0,0.0,1.0,0.0,0.0,0.0,0.0,0.0,0.0
1267,2025-01-01,2.0,143.75,29.0,1,18.738709677419354,42.10645161290322,3.806451612903226,17.94516129032258,28.88064516129032,1016.4774193548388,199.183870967742,0.0,0.0,0.0,0.0,0.0,0.0,0.0,0.0,0.0,0.0,0.0,1.0,0.0,0.0,0.0,0.0,0.0,0.0,0.0,0.0,0.0,1.0,0.0,0.0,0.0,0.0,0.0,0.0
3176,2025-01-01,1.0,80.0,30.0,1,18.738709677419354,42.10645161290322,3.806451612903226,17.94516129032258,28.88064516129032,1016.4774193548388,199.183870967742,0.0,0.0,0.0,0.0,0.0,0.0,0.0,0.0,0.0,0.0,0.0,0.0,0.0,0.0,0.0,0.0,0.0,0.0,0.0,0.0,0.0,0.0,0.0,0.0,0.0,0.0,0.0,1.0
3873,2025-01-01,1.0,30.2,30.0,1,18.738709677419354,42.10645161290322,3.806451612903226,17.94516129032258,28.88064516129032,1016.4774193548388,199.183870967742,0.0,0.0,0.0,0.0,0.0,0.0,0.0,0.0,0.0,1.0,0.0,0.0,0.0,0.0,0.0,0.0,0.0,0.0,0.0,0.0,0.0,0.0,0.0,0.0,0.0,0.0,0.0,0.0
3439,2025-01-01,0.0,0.0,31.0,0,18.738709677419354,42.10645161290322,3.806451612903226,17.94516129032258,28.88064516129032,1016.4774193548388,199.183870967742,0.0,0.0,0.0,0.0,0.0,0.0,0.0,0.0,0.0,0.0,0.0,0.0,0.0,0.0,0.0,0.0,0.0,0.0,0.0,0.0,0.0,0.0,0.0,0.0,0.0,0.0,0.0,0.0
546,2025-01-01,8.0,399.65,24.0,1,18.738709677419354,42.10645161290322,3.806451612903226,17.94516129032258,28.88064516129032,1016.4774193548388,199.183870967742,0.0,4.0,0.0,0.0,0.0,0.0,0.0,0.0,0.0,0.0,0.0,1.0,0.0,0.0,0.0,0.0,0.0,0.0,0.0,0.0,0.0,0.0,2.0,0.0,0.0,0.0,0.0,1.0
220,2025-01-01,1.0,70.16666666666667,30.0,1,18.738709677419354,42.10645161290322,3.806451612903226,17.94516129032258,28.88064516129032,1016.4774193548388,199.183870967742,0.0,0.0,0.0,0.0,0.0,0.0,0.0,0.0,0.0,0.0,0.0,1.0,0.0,0.0,0.0,0.0,0.0,0.0,0.0,0.0,0.0,0.0,0.0,0.0,0.0,0.0,0.0,0.0
2021,2025-01-01,11.0,1170.3,20.0,1,18.738709677419354,42.10645161290322,3.806451612903226,17.94516129032258,28.88064516129032,1016.4774193548388,199.183870967742,0.0,1.0,0.0,0.0,0.0,2.0,0.0,0.0,0.0,1.0,0.0,1.0,0.0,0.0,0.0,0.0,0.0,0.0,0.0,0.0,0.0,0.0,3.0,0.0,0.0,1.0,0.0,2.0
3604,2025-01-01,0.0,0.0,31.0,0,18.738709677419354,42.10645161290322,3.806451612903226,17.94516129032258,28.88064516129032,1016.4774193548388,199.183870967742,0.0,0.0,0.0,0.0,0.0,0.0,0.0,0.0,0.0,0.0,0.0,0.0,0.0,0.0,0.0,0.0,0.0,0.0,0.0,0.0,0.0,0.0,0.0,0.0,0.0,0.0,0.0,0.0
550,2025-01-01,25.0,2670.9333333333334,9.0,1,18.738709677419354,42.10645161290322,3.806451612903226,17.94516129032258,28.88064516129032,1016.4774193548388,199.183870967742,0.0,3.0,0.0,0.0,0.0,1.0,0.0,0.0,2.0,1.0,0.0,5.0,0.0,0.0,0.0,0.0,0.0,0.0,0.0,0.0,0.0,2.0,7.0,0.0,0.0,1.0,0.0,3.0
2047,2025-01-01,9.0,883.6666666666666,22.0,1,18.738709677419354,42.10645161290322,3.806451612903226,17.94516129032258,28.88064516129032,1016.4774193548388,199.183870967742,0.0,1.0,0.0,0.0,0.0,0.0,0.0,0.0,0.0,1.0,0.0,2.0,0.0,0.0,0.0,0.0,0.0,0.0,0.0,0.0,0.0,1.0,3.0,0.0,0.0,0.0,0.0,1.0
1265,2025-01-01,5.0,151.48333333333335,26.0,1,18.738709677419354,42.10645161290322,3.806451612903226,17.94516129032258,28.88064516129032,1016.4774193548388,199.183870967742,0.0,0.0,0.0,0.0,0.0,0.0,0.0,0.0,0.0,0.0,0.0,1.0,0.0,0.0,0.0,0.0,1.0,0.0,0.0,0.0,1.0,0.0,1.0,0.0,0.0,0.0,1.0,0.0
551,2025-01-01,3.0,177.53333333333333,29.0,1,18.738709677419354,42.10645161290322,3.806451612903226,17.94516129032258,28.88064516129032,1016.4774193548388,199.183870967742,0.0,1.0,0.0,0.0,0.0,0.0,0.0,0.0,0.0,0.0,0.0,0.0,0.0,0.0,0.0,0.0,0.0,0.0,0.0,0.0,0.0,0.0,0.0,0.0,0.0,0.0,0.0,2.0
2084,2025-01-01,3.0,110.36666666666666,29.0,1,18.738709677419354,42.10645161290322,3.806451612903226,17.94516129032258,28.88064516129032,1016.4774193548388,199.183870967742,0.0,0.0,0.0,0.0,0.0,0.0,0.0,0.0,1.0,0.0,0.0,1.0,0.0,0.0,0.0,0.0,0.0,0.0,0.0,0.0,0.0,0.0,1.0,0.0,0.0,0.0,0.0,0.0
350,2025-01-01,2.0,191.8333333333333,29.0,1,18.738709677419354,42.10645161290322,3.806451612903226,17.94516129032258,28.88064516129032,1016.4774193548388,199.183870967742,0.0,0.0,0.0,0.0,0.0,0.0,0.0,0.0,0.0,0.0,0.0,0.0,0.0,0.0,0.0,0.0,0.0,0.0,0.0,0.0,0.0,0.0,2.0,0.0,0.0,0.0,0.0,0.0
3550,2025-01-01,0.0,0.0,31.0,0,18.738709677419354,42.10645161290322,3.806451612903226,17.94516129032258,28.88064516129032,1016.4774193548388,199.183870967742,0.0,0.0,0.0,0.0,0.0,0.0,0.0,0.0,0.0,0.0,0.0,0.0,0.0,0.0,0.0,0.0,0.0,0.0,0.0,0.0,0.0,0.0,0.0,0.0,0.0,0.0,0.0,0.0
1219,2025-01-01,1.0,71.63333333333334,30.0,1,18.738709677419354,42.10645161290322,3.806451612903226,17.94516129032258,28.88064516129032,1016.4774193548388,199.183870967742,0.0,0.0,0.0,0.0,0.0,0.0,0.0,0.0,0.0,0.0,0.0,0.0,0.0,0.0,0.0,0.0,0.0,0.0,0.0,0.0,0.0,0.0,0.0,0.0,0.0,0.0,1.0,0.0
2101,2025-01-01,1.0,80.46666666666667,30.0,1,18.738709677419354,42.10645161290322,3.806451612903226,17.94516129032258,28.88064516129032,1016.4774193548388,199.183870967742,0.0,1.0,0.0,0.0,0.0,0.0,0.0,0.0,0.0,0.0,0.0,0.0,0.0,0.0,0.0,0.0,0.0,0.0,0.0,0.0,0.0,0.0,0.0,0.0,0.0,0.0,0.0,0.0
2041,2025-01-01,1.0,65.21666666666667,30.0,1,18.738709677419354,42.10645161290322,3.806451612903226,17.94516129032258,28.88064516129032,1016.4774193548388,199.183870967742,0.0,0.0,0.0,0.0,0.0,0.0,0.0,0.0,1.0,0.0,0.0,0.0,0.0,0.0,0.0,0.0,0.0,0.0,0.0,0.0,0.0,0.0,0.0,0.0,0.0,0.0,0.0,0.0
3315,2025-01-01,0.0,0.0,31.0,0,18.738709677419354,42.10645161290322,3.806451612903226,17.94516129032258,28.88064516129032,1016.4774193548388,199.183870967742,0.0,0.0,0.0,0.0,0.0,0.0,0.0,0.0,0.0,0.0,0.0,0.0,0.0,0.0,0.0,0.0,0.0,0.0,0.0,0.0,0.0,0.0,0.0,0.0,0.0,0.0,0.0,0.0
317,2025-01-01,6.0,367.4,26.0,1,18.738709677419354,42.10645161290322,3.806451612903226,17.94516129032258,28.88064516129032,1016.4774193548388,199.183870967742,0.0,0.0,0.0,0.0,0.0,0.0,0.0,0.0,0.0,2.0,0.0,1.0,0.0,0.0,0.0,0.0,1.0,0.0,0.0,0.0,0.0,0.0,0.0,0.0,0.0,0.0,0.0,2.0
556,2025-01-01,3.0,182.25,28.0,1,18.738709677419354,42.10645161290322,3.806451612903226,17.94516129032258,28.88064516129032,1016.4774193548388,199.183870967742,0.0,0.0,0.0,0.0,0.0,0.0,0.0,0.0,0.0,0.0,0.0,1.0,0.0,0.0,0.0,0.0,0.0,0.0,0.0,0.0,0.0,0.0,1.0,0.0,1.0,0.0,0.0,0.0
1200,2025-01-01,0.0,0.0,31.0,0,18.738709677419354,42.10645161290322,3.806451612903226,17.94516129032258,28.88064516129032,1016.4774193548388,199.183870967742,0.0,0.0,0.0,0.0,0.0,0.0,0.0,0.0,0.0,0.0,0.0,0.0,0.0,0.0,0.0,0.0,0.0,0.0,0.0,0.0,0.0,0.0,0.0,0.0,0.0,0.0,0.0,0.0
3957,2025-01-01,1.0,52.63333333333333,30.0,1,18.738709677419354,42.10645161290322,3.806451612903226,17.94516129032258,28.88064516129032,1016.4774193548388,199.183870967742,0.0,0.0,0.0,0.0,0.0,0.0,0.0,0.0,0.0,0.0,0.0,0.0,0.0,0.0,0.0,0.0,0.0,0.0,0.0,0.0,0.0,1.0,0.0,0.0,0.0,0.0,0.0,0.0
328,2025-01-01,2.0,140.63333333333333,30.0,1,18.738709677419354,42.10645161290322,3.806451612903226,17.94516129032258,28.88064516129032,1016.4774193548388,199.183870967742,0.0,0.0,0.0,0.0,0.0,0.0,0.0,0.0,0.0,1.0,0.0,1.0,0.0,0.0,0.0,0.0,0.0,0.0,0.0,0.0,0.0,0.0,0.0,0.0,0.0,0.0,0.0,0.0
552,2025-01-01,9.0,357.1,23.0,1,18.738709677419354,42.10645161290322,3.806451612903226,17.94516129032258,28.88064516129032,1016.4774193548388,199.183870967742,0.0,1.0,0.0,0.0,0.0,0.0,0.0,0.0,0.0,1.0,0.0,0.0,0.0,0.0,0.0,0.0,0.0,0.0,0.0,0.0,0.0,2.0,0.0,0.0,0.0,0.0,0.0,5.0
353,2025-01-01,1.0,31.133333333333333,30.0,1,18.738709677419354,42.10645161290322,3.806451612903226,17.94516129032258,28.88064516129032,1016.4774193548388,199.183870967742,0.0,0.0,0.0,0.0,0.0,0.0,0.0,0.0,0.0,1.0,0.0,0.0,0.0,0.0,0.0,0.0,0.0,0.0,0.0,0.0,0.0,0.0,0.0,0.0,0.0,0.0,0.0,0.0
2034,2025-01-01,4.0,477.6333333333333,28.0,1,18.738709677419354,42.10645161290322,3.806451612903226,17.94516129032258,28.88064516129032,1016.4774193548388,199.183870967742,0.0,0.0,0.0,0.0,0.0,0.0,0.0,0.0,0.0,0.0,0.0,3.0,0.0,0.0,0.0,0.0,0.0,0.0,0.0,0.0,0.0,0.0,1.0,0.0,0.0,0.0,0.0,0.0
1205,2025-01-01,0.0,0.0,31.0,0,18.738709677419354,42.10645161290322,3.806451612903226,17.94516129032258,28.88064516129032,1016.4774193548388,199.183870967742,0.0,0.0,0.0,0.0,0.0,0.0,0.0,0.0,0.0,0.0,0.0,0.0,0.0,0.0,0.0,0.0,0.0,0.0,0.0,0.0,0.0,0.0,0.0,0.0,0.0,0.0,0.0,0.0
1196,2025-01-01,0.0,0.0,31.0,0,18.738709677419354,42.10645161290322,3.806451612903226,17.94516129032258,28.88064516129032,1016.4774193548388,199.183870967742,0.0,0.0,0.0,0.0,0.0,0.0,0.0,0.0,0.0,0.0,0.0,0.0,0.0,0.0,0.0,0.0,0.0,0.0,0.0,0.0,0.0,0.0,0.0,0.0,0.0,0.0,0.0,0.0
3146,2025-01-01,0.0,0.0,31.0,0,18.738709677419354,42.10645161290322,3.806451612903226,17.94516129032258,28.88064516129032,1016.4774193548388,199.183870967742,0.0,0.0,0.0,0.0,0.0,0.0,0.0,0.0,0.0,0.0,0.0,0.0,0.0,0.0,0.0,0.0,0.0,0.0,0.0,0.0,0.0,0.0,0.0,0.0,0.0,0.0,0.0,0.0
540,2025-01-01,2.0,69.35,29.0,1,18.738709677419354,42.10645161290322,3.806451612903226,17.94516129032258,28.88064516129032,1016.4774193548388,199.183870967742,0.0,2.0,0.0,0.0,0.0,0.0,0.0,0.0,0.0,0.0,0.0,0.0,0.0,0.0,0.0,0.0,0.0,0.0,0.0,0.0,0.0,0.0,0.0,0.0,0.0,0.0,0.0,0.0
2012,2025-01-01,0.0,0.0,31.0,0,18.738709677419354,42.10645161290322,3.806451612903226,17.94516129032258,28.88064516129032,1016.4774193548388,199.183870967742,0.0,0.0,0.0,0.0,0.0,0.0,0.0,0.0,0.0,0.0,0.0,0.0,0.0,0.0,0.0,0.0,0.0,0.0,0.0,0.0,0.0,0.0,0.0,0.0,0.0,0.0,0.0,0.0
1123,2025-01-01,2.0,100.4,29.0,1,18.738709677419354,42.10645161290322,3.806451612903226,17.94516129032258,28.88064516129032,1016.4774193548388,199.183870967742,0.0,1.0,0.0,0.0,0.0,0.0,0.0,0.0,0.0,0.0,0.0,0.0,0.0,0.0,0.0,0.0,0.0,0.0,0.0,0.0,0.0,0.0,1.0,0.0,0.0,0.0,0.0,0.0
3168,2025-01-01,11.0,947.0833333333334,21.0,1,18.738709677419354,42.10645161290322,3.806451612903226,17.94516129032258,28.88064516129032,1016.4774193548388,199.183870967742,0.0,1.0,0.0,0.0,0.0,0.0,0.0,0.0,0.0,1.0,0.0,3.0,0.0,0.0,0.0,0.0,0.0,1.0,0.0,0.0,0.0,1.0,3.0,0.0,0.0,0.0,0.0,1.0
1213,2025-01-01,0.0,0.0,31.0,0,18.738709677419354,42.10645161290322,3.806451612903226,17.94516129032258,28.88064516129032,1016.4774193548388,199.183870967742,0.0,0.0,0.0,0.0,0.0,0.0,0.0,0.0,0.0,0.0,0.0,0.0,0.0,0.0,0.0,0.0,0.0,0.0,0.0,0.0,0.0,0.0,0.0,0.0,0.0,0.0,0.0,0.0
1212,2025-01-01,0.0,0.0,31.0,0,18.738709677419354,42.10645161290322,3.806451612903226,17.94516129032258,28.88064516129032,1016.4774193548388,199.183870967742,0.0,0.0,0.0,0.0,0.0,0.0,0.0,0.0,0.0,0.0,0.0,0.0,0.0,0.0,0.0,0.0,0.0,0.0,0.0,0.0,0.0,0.0,0.0,0.0,0.0,0.0,0.0,0.0
325,2025-01-01,0.0,0.0,31.0,0,18.738709677419354,42.10645161290322,3.806451612903226,17.94516129032258,28.88064516129032,1016.4774193548388,199.183870967742,0.0,0.0,0.0,0.0,0.0,0.0,0.0,0.0,0.0,0.0,0.0,0.0,0.0,0.0,0.0,0.0,0.0,0.0,0.0,0.0,0.0,0.0,0.0,0.0,0.0,0.0,0.0,0.0
1215,2025-01-01,0.0,0.0,31.0,0,18.738709677419354,42.10645161290322,3.806451612903226,17.94516129032258,28.88064516129032,1016.4774193548388,199.183870967742,0.0,0.0,0.0,0.0,0.0,0.0,0.0,0.0,0.0,0.0,0.0,0.0,0.0,0.0,0.0,0.0,0.0,0.0,0.0,0.0,0.0,0.0,0.0,0.0,0.0,0.0,0.0,0.0
206,2025-01-01,0.0,0.0,31.0,0,18.738709677419354,42.10645161290322,3.806451612903226,17.94516129032258,28.88064516129032,1016.4774193548388,199.183870967742,0.0,0.0,0.0,0.0,0.0,0.0,0.0,0.0,0.0,0.0,0.0,0.0,0.0,0.0,0.0,0.0,0.0,0.0,0.0,0.0,0.0,0.0,0.0,0.0,0.0,0.0,0.0,0.0
557,2025-01-01,0.0,0.0,31.0,0,18.738709677419354,42.10645161290322,3.806451612903226,17.94516129032258,28.88064516129032,1016.4774193548388,199.183870967742,0.0,0.0,0.0,0.0,0.0,0.0,0.0,0.0,0.0,0.0,0.0,0.0,0.0,0.0,0.0,0.0,0.0,0.0,0.0,0.0,0.0,0.0,0.0,0.0,0.0,0.0,0.0,0.0
544,2025-01-01,0.0,0.0,31.0,0,18.738709677419354,42.10645161290322,3.806451612903226,17.94516129032258,28.88064516129032,1016.4774193548388,199.183870967742,0.0,0.0,0.0,0.0,0.0,0.0,0.0,0.0,0.0,0.0,0.0,0.0,0.0,0.0,0.0,0.0,0.0,0.0,0.0,0.0,0.0,0.0,0.0,0.0,0.0,0.0,0.0,0.0
1214,2025-01-01,0.0,0.0,31.0,0,18.738709677419354,42.10645161290322,3.806451612903226,17.94516129032258,28.88064516129032,1016.4774193548388,199.183870967742,0.0,0.0,0.0,0.0,0.0,0.0,0.0,0.0,0.0,0.0,0.0,0.0,0.0,0.0,0.0,0.0,0.0,0.0,0.0,0.0,0.0,0.0,0.0,0.0,0.0,0.0,0.0,0.0
331,2025-01-01,2.0,77.83333333333333,29.0,1,18.738709677419354,42.10645161290322,3.806451612903226,17.94516129032258,28.88064516129032,1016.4774193548388,199.183870967742,0.0,0.0,0.0,0.0,0.0,1.0,0.0,0.0,0.0,0.0,0.0,0.0,0.0,0.0,0.0,0.0,0.0,0.0,0.0,1.0,0.0,0.0,0.0,0.0,0.0,0.0,0.0,0.0
2099,2025-01-01,2.0,203.0,29.0,1,18.738709677419354,42.10645161290322,3.806451612903226,17.94516129032258,28.88064516129032,1016.4774193548388,199.183870967742,0.0,0.0,0.0,0.0,0.0,0.0,0.0,0.0,0.0,0.0,0.0,0.0,0.0,0.0,0.0,0.0,0.0,0.0,0.0,0.0,0.0,1.0,1.0,0.0,0.0,0.0,0.0,0.0
561,2025-01-01,0.0,0.0,31.0,0,18.738709677419354,42.10645161290322,3.806451612903226,17.94516129032258,28.88064516129032,1016.4774193548388,199.183870967742,0.0,0.0,0.0,0.0,0.0,0.0,0.0,0.0,0.0,0.0,0.0,0.0,0.0,0.0,0.0,0.0,0.0,0.0,0.0,0.0,0.0,0.0,0.0,0.0,0.0,0.0,0.0,0.0
541,2025-01-01,0.0,0.0,31.0,0,18.738709677419354,42.10645161290322,3.806451612903226,17.94516129032258,28.88064516129032,1016.4774193548388,199.183870967742,0.0,0.0,0.0,0.0,0.0,0.0,0.0,0.0,0.0,0.0,0.0,0.0,0.0,0.0,0.0,0.0,0.0,0.0,0.0,0.0,0.0,0.0,0.0,0.0,0.0,0.0,0.0,0.0
1199,2025-01-01,0.0,0.0,31.0,0,18.738709677419354,42.10645161290322,3.806451612903226,17.94516129032258,28.88064516129032,1016.4774193548388,199.183870967742,0.0,0.0,0.0,0.0,0.0,0.0,0.0,0.0,0.0,0.0,0.0,0.0,0.0,0.0,0.0,0.0,0.0,0.0,0.0,0.0,0.0,0.0,0.0,0.0,0.0,0.0,0.0,0.0
3466,2025-01-01,1.0,51.66666666666666,30.0,1,18.738709677419354,42.10645161290322,3.806451612903226,17.94516129032258,28.88064516129032,1016.4774193548388,199.183870967742,0.0,0.0,0.0,0.0,0.0,0.0,0.0,0.0,1.0,0.0,0.0,0.0,0.0,0.0,0.0,0.0,0.0,0.0,0.0,0.0,0.0,0.0,0.0,0.0,0.0,0.0,0.0,0.0
208,2025-01-01,3.0,156.95000000000002,28.0,1,18.738709677419354,42.10645161290322,3.806451612903226,17.94516129032258,28.88064516129032,1016.4774193548388,199.183870967742,0.0,0.0,0.0,0.0,0.0,0.0,0.0,0.0,0.0,0.0,0.0,0.0,0.0,0.0,0.0,0.0,0.0,0.0,0.0,0.0,0.0,0.0,0.0,0.0,0.0,0.0,0.0,3.0
1198,2025-01-01,3.0,205.81666666666663,28.0,1,18.738709677419354,42.10645161290322,3.806451612903226,17.94516129032258,28.88064516129032,1016.4774193548388,199.183870967742,0.0,0.0,0.0,0.0,0.0,0.0,0.0,0.0,0.0,0.0,0.0,0.0,0.0,0.0,0.0,0.0,1.0,0.0,0.0,1.0,0.0,0.0,0.0,0.0,0.0,0.0,0.0,1.0
3961,2025-01-01,0.0,0.0,31.0,0,18.738709677419354,42.10645161290322,3.806451612903226,17.94516129032258,28.88064516129032,1016.4774193548388,199.183870967742,0.0,0.0,0.0,0.0,0.0,0.0,0.0,0.0,0.0,0.0,0.0,0.0,0.0,0.0,0.0,0.0,0.0,0.0,0.0,0.0,0.0,0.0,0.0,0.0,0.0,0.0,0.0,0.0
221,2025-01-01,3.0,49.28333333333333,28.0,1,18.738709677419354,42.10645161290322,3.806451612903226,17.94516129032258,28.88064516129032,1016.4774193548388,199.183870967742,0.0,0.0,0.0,0.0,0.0,0.0,0.0,0.0,0.0,0.0,0.0,0.0,0.0,0.0,0.0,0.0,0.0,0.0,0.0,0.0,0.0,1.0,0.0,0.0,0.0,0.0,0.0,2.0
3316,2025-01-01,1.0,93.5,30.0,1,18.738709677419354,42.10645161290322,3.806451612903226,17.94516129032258,28.88064516129032,1016.4774193548388,199.183870967742,0.0,0.0,0.0,0.0,0.0,0.0,0.0,0.0,0.0,0.0,0.0,0.0,0.0,0.0,0.0,0.0,0.0,0.0,0.0,0.0,0.0,1.0,0.0,0.0,0.0,0.0,0.0,0.0
539,2025-01-01,0.0,0.0,31.0,0,18.738709677419354,42.10645161290322,3.806451612903226,17.94516129032258,28.88064516129032,1016.4774193548388,199.183870967742,0.0,0.0,0.0,0.0,0.0,0.0,0.0,0.0,0.0,0.0,0.0,0.0,0.0,0.0,0.0,0.0,0.0,0.0,0.0,0.0,0.0,0.0,0.0,0.0,0.0,0.0,0.0,0.0
1295,2025-01-01,3.0,41.68333333333333,28.0,1,18.738709677419354,42.10645161290322,3.806451612903226,17.94516129032258,28.88064516129032,1016.4774193548388,199.183870967742,0.0,0.0,0.0,0.0,0.0,0.0,0.0,0.0,0.0,0.0,0.0,0.0,0.0,0.0,0.0,0.0,0.0,0.0,0.0,0.0,0.0,0.0,2.0,0.0,0.0,1.0,0.0,0.0
3397,2025-01-01,0.0,0.0,31.0,0,18.738709677419354,42.10645161290322,3.806451612903226,17.94516129032258,28.88064516129032,1016.4774193548388,199.183870967742,0.0,0.0,0.0,0.0,0.0,0.0,0.0,0.0,0.0,0.0,0.0,0.0,0.0,0.0,0.0,0.0,0.0,0.0,0.0,0.0,0.0,0.0,0.0,0.0,0.0,0.0,0.0,0.0
194,2025-01-01,0.0,0.0,31.0,0,18.738709677419354,42.10645161290322,3.806451612903226,17.94516129032258,28.88064516129032,1016.4774193548388,199.183870967742,0.0,0.0,0.0,0.0,0.0,0.0,0.0,0.0,0.0,0.0,0.0,0.0,0.0,0.0,0.0,0.0,0.0,0.0,0.0,0.0,0.0,0.0,0.0,0.0,0.0,0.0,0.0,0.0
216,2025-01-01,1.0,10.55,30.0,1,18.738709677419354,42.10645161290322,3.806451612903226,17.94516129032258,28.88064516129032,1016.4774193548388,199.183870967742,0.0,0.0,0.0,0.0,0.0,0.0,0.0,0.0,0.0,0.0,0.0,1.0,0.0,0.0,0.0,0.0,0.0,0.0,0.0,0.0,0.0,0.0,0.0,0.0,0.0,0.0,0.0,0.0
192,2025-01-01,0.0,0.0,31.0,0,18.738709677419354,42.10645161290322,3.806451612903226,17.94516129032258,28.88064516129032,1016.4774193548388,199.183870967742,0.0,0.0,0.0,0.0,0.0,0.0,0.0,0.0,0.0,0.0,0.0,0.0,0.0,0.0,0.0,0.0,0.0,0.0,0.0,0.0,0.0,0.0,0.0,0.0,0.0,0.0,0.0,0.0
3416,2025-01-01,0.0,0.0,31.0,0,18.738709677419354,42.10645161290322,3.806451612903226,17.94516129032258,28.88064516129032,1016.4774193548388,199.183870967742,0.0,0.0,0.0,0.0,0.0,0.0,0.0,0.0,0.0,0.0,0.0,0.0,0.0,0.0,0.0,0.0,0.0,0.0,0.0,0.0,0.0,0.0,0.0,0.0,0.0,0.0,0.0,0.0
3461,2025-01-01,0.0,0.0,31.0,0,18.738709677419354,42.10645161290322,3.806451612903226,17.94516129032258,28.88064516129032,1016.4774193548388,199.183870967742,0.0,0.0,0.0,0.0,0.0,0.0,0.0,0.0,0.0,0.0,0.0,0.0,0.0,0.0,0.0,0.0,0.0,0.0,0.0,0.0,0.0,0.0,0.0,0.0,0.0,0.0,0.0,0.0
186,2025-01-01,0.0,0.0,31.0,0,18.738709677419354,42.10645161290322,3.806451612903226,17.94516129032258,28.88064516129032,1016.4774193548388,199.183870967742,0.0,0.0,0.0,0.0,0.0,0.0,0.0,0.0,0.0,0.0,0.0,0.0,0.0,0.0,0.0,0.0,0.0,0.0,0.0,0.0,0.0,0.0,0.0,0.0,0.0,0.0,0.0,0.0
893,2025-01-01,0.0,0.0,31.0,0,18.738709677419354,42.10645161290322,3.806451612903226,17.94516129032258,28.88064516129032,1016.4774193548388,199.183870967742,0.0,0.0,0.0,0.0,0.0,0.0,0.0,0.0,0.0,0.0,0.0,0.0,0.0,0.0,0.0,0.0,0.0,0.0,0.0,0.0,0.0,0.0,0.0,0.0,0.0,0.0,0.0,0.0
4171,2025-01-01,4.0,185.9,27.0,1,18.738709677419354,42.10645161290322,3.806451612903226,17.94516129032258,28.88064516129032,1016.4774193548388,199.183870967742,0.0,1.0,0.0,0.0,0.0,0.0,0.0,0.0,0.0,0.0,0.0,0.0,0.0,0.0,0.0,0.0,0.0,0.0,0.0,0.0,0.0,0.0,2.0,0.0,0.0,0.0,0.0,1.0
2097,2025-01-01,0.0,0.0,31.0,0,18.738709677419354,42.10645161290322,3.806451612903226,17.94516129032258,28.88064516129032,1016.4774193548388,199.183870967742,0.0,0.0,0.0,0.0,0.0,0.0,0.0,0.0,0.0,0.0,0.0,0.0,0.0,0.0,0.0,0.0,0.0,0.0,0.0,0.0,0.0,0.0,0.0,0.0,0.0,0.0,0.0,0.0
549,2025-01-01,0.0,0.0,31.0,0,18.738709677419354,42.10645161290322,3.806451612903226,17.94516129032258,28.88064516129032,1016.4774193548388,199.183870967742,0.0,0.0,0.0,0.0,0.0,0.0,0.0,0.0,0.0,0.0,0.0,0.0,0.0,0.0,0.0,0.0,0.0,0.0,0.0,0.0,0.0,0.0,0.0,0.0,0.0,0.0,0.0,0.0
318,2025-01-01,0.0,0.0,31.0,0,18.738709677419354,42.10645161290322,3.806451612903226,17.94516129032258,28.88064516129032,1016.4774193548388,199.183870967742,0.0,0.0,0.0,0.0,0.0,0.0,0.0,0.0,0.0,0.0,0.0,0.0,0.0,0.0,0.0,0.0,0.0,0.0,0.0,0.0,0.0,0.0,0.0,0.0,0.0,0.0,0.0,0.0
217,2025-01-01,0.0,0.0,31.0,0,18.738709677419354,42.10645161290322,3.806451612903226,17.94516129032258,28.88064516129032,1016.4774193548388,199.183870967742,0.0,0.0,0.0,0.0,0.0,0.0,0.0,0.0,0.0,0.0,0.0,0.0,0.0,0.0,0.0,0.0,0.0,0.0,0.0,0.0,0.0,0.0,0.0,0.0,0.0,0.0,0.0,0.0
1203,2025-01-01,0.0,0.0,31.0,0,18.738709677419354,42.10645161290322,3.806451612903226,17.94516129032258,28.88064516129032,1016.4774193548388,199.183870967742,0.0,0.0,0.0,0.0,0.0,0.0,0.0,0.0,0.0,0.0,0.0,0.0,0.0,0.0,0.0,0.0,0.0,0.0,0.0,0.0,0.0,0.0,0.0,0.0,0.0,0.0,0.0,0.0
214,2025-01-01,4.0,189.9,28.0,1,18.738709677419354,42.10645161290322,3.806451612903226,17.94516129032258,28.88064516129032,1016.4774193548388,199.183870967742,0.0,0.0,0.0,0.0,0.0,0.0,0.0,0.0,0.0,0.0,0.0,1.0,0.0,0.0,0.0,0.0,0.0,0.0,0.0,0.0,0.0,0.0,1.0,0.0,0.0,0.0,0.0,2.0
1201,2025-01-01,0.0,0.0,31.0,0,18.738709677419354,42.10645161290322,3.806451612903226,17.94516129032258,28.88064516129032,1016.4774193548388,199.183870967742,0.0,0.0,0.0,0.0,0.0,0.0,0.0,0.0,0.0,0.0,0.0,0.0,0.0,0.0,0.0,0.0,0.0,0.0,0.0,0.0,0.0,0.0,0.0,0.0,0.0,0.0,0.0,0.0
2053,2025-01-01,0.0,0.0,31.0,0,18.738709677419354,42.10645161290322,3.806451612903226,17.94516129032258,28.88064516129032,1016.4774193548388,199.183870967742,0.0,0.0,0.0,0.0,0.0,0.0,0.0,0.0,0.0,0.0,0.0,0.0,0.0,0.0,0.0,0.0,0.0,0.0,0.0,0.0,0.0,0.0,0.0,0.0,0.0,0.0,0.0,0.0
327,2025-01-01,0.0,0.0,31.0,0,18.738709677419354,42.10645161290322,3.806451612903226,17.94516129032258,28.88064516129032,1016.4774193548388,199.183870967742,0.0,0.0,0.0,0.0,0.0,0.0,0.0,0.0,0.0,0.0,0.0,0.0,0.0,0.0,0.0,0.0,0.0,0.0,0.0,0.0,0.0,0.0,0.0,0.0,0.0,0.0,0.0,0.0
315,2025-01-01,0.0,0.0,31.0,0,18.738709677419354,42.10645161290322,3.806451612903226,17.94516129032258,28.88064516129032,1016.4774193548388,199.183870967742,0.0,0.0,0.0,0.0,0.0,0.0,0.0,0.0,0.0,0.0,0.0,0.0,0.0,0.0,0.0,0.0,0.0,0.0,0.0,0.0,0.0,0.0,0.0,0.0,0.0,0.0,0.0,0.0
1266,2025-01-01,0.0,0.0,31.0,0,18.738709677419354,42.10645161290322,3.806451612903226,17.94516129032258,28.88064516129032,1016.4774193548388,199.183870967742,0.0,0.0,0.0,0.0,0.0,0.0,0.0,0.0,0.0,0.0,0.0,0.0,0.0,0.0,0.0,0.0,0.0,0.0,0.0,0.0,0.0,0.0,0.0,0.0,0.0,0.0,0.0,0.0
547,2025-01-01,0.0,0.0,31.0,0,18.738709677419354,42.10645161290322,3.806451612903226,17.94516129032258,28.88064516129032,1016.4774193548388,199.183870967742,0.0,0.0,0.0,0.0,0.0,0.0,0.0,0.0,0.0,0.0,0.0,0.0,0.0,0.0,0.0,0.0,0.0,0.0,0.0,0.0,0.0,0.0,0.0,0.0,0.0,0.0,0.0,0.0
545,2025-01-01,0.0,0.0,31.0,0,18.738709677419354,42.10645161290322,3.806451612903226,17.94516129032258,28.88064516129032,1016.4774193548388,199.183870967742,0.0,0.0,0.0,0.0,0.0,0.0,0.0,0.0,0.0,0.0,0.0,0.0,0.0,0.0,0.0,0.0,0.0,0.0,0.0,0.0,0.0,0.0,0.0,0.0,0.0,0.0,0.0,0.0
3017,2025-01-01,0.0,0.0,31.0,0,18.738709677419354,42.10645161290322,3.806451612903226,17.94516129032258,28.88064516129032,1016.4774193548388,199.183870967742,0.0,0.0,0.0,0.0,0.0,0.0,0.0,0.0,0.0,0.0,0.0,0.0,0.0,0.0,0.0,0.0,0.0,0.0,0.0,0.0,0.0,0.0,0.0,0.0,0.0,0.0,0.0,0.0
562,2025-01-01,0.0,0.0,31.0,0,18.738709677419354,42.10645161290322,3.806451612903226,17.94516129032258,28.88064516129032,1016.4774193548388,199.183870967742,0.0,0.0,0.0,0.0,0.0,0.0,0.0,0.0,0.0,0.0,0.0,0.0,0.0,0.0,0.0,0.0,0.0,0.0,0.0,0.0,0.0,0.0,0.0,0.0,0.0,0.0,0.0,0.0
543,2025-01-01,0.0,0.0,31.0,0,18.738709677419354,42.10645161290322,3.806451612903226,17.94516129032258,28.88064516129032,1016.4774193548388,199.183870967742,0.0,0.0,0.0,0.0,0.0,0.0,0.0,0.0,0.0,0.0,0.0,0.0,0.0,0.0,0.0,0.0,0.0,0.0,0.0,0.0,0.0,0.0,0.0,0.0,0.0,0.0,0.0,0.0
324,2025-01-01,0.0,0.0,31.0,0,18.738709677419354,42.10645161290322,3.806451612903226,17.94516129032258,28.88064516129032,1016.4774193548388,199.183870967742,0.0,0.0,0.0,0.0,0.0,0.0,0.0,0.0,0.0,0.0,0.0,0.0,0.0,0.0,0.0,0.0,0.0,0.0,0.0,0.0,0.0,0.0,0.0,0.0,0.0,0.0,0.0,0.0
542,2025-01-01,0.0,0.0,31.0,0,18.738709677419354,42.10645161290322,3.806451612903226,17.94516129032258,28.88064516129032,1016.4774193548388,199.183870967742,0.0,0.0,0.0,0.0,0.0,0.0,0.0,0.0,0.0,0.0,0.0,0.0,0.0,0.0,0.0,0.0,0.0,0.0,0.0,0.0,0.0,0.0,0.0,0.0,0.0,0.0,0.0,0.0
3162,2025-01-01,0.0,0.0,31.0,0,18.738709677419354,42.10645161290322,3.806451612903226,17.94516129032258,28.88064516129032,1016.4774193548388,199.183870967742,0.0,0.0,0.0,0.0,0.0,0.0,0.0,0.0,0.0,0.0,0.0,0.0,0.0,0.0,0.0,0.0,0.0,0.0,0.0,0.0,0.0,0.0,0.0,0.0,0.0,0.0,0.0,0.0
197,2025-01-01,0.0,0.0,31.0,0,18.738709677419354,42.10645161290322,3.806451612903226,17.94516129032258,28.88064516129032,1016.4774193548388,199.183870967742,0.0,0.0,0.0,0.0,0.0,0.0,0.0,0.0,0.0,0.0,0.0,0.0,0.0,0.0,0.0,0.0,0.0,0.0,0.0,0.0,0.0,0.0,0.0,0.0,0.0,0.0,0.0,0.0
