fdr_Id,Month,Fault_Count,Total_Duration
99,2023-01,3,145.68333333333334
99,2023-02,3,97.5
99,2023-03,9,179.81666666666666
99,2023-04,7,176.05
99,2023-05,13,798.4666666666667
99,2023-06,13,630.4
99,2023-07,14,528.9833333333333
99,2023-08,8,442.7
99,2023-09,1,50.666666666666664
99,2023-10,4,168.81666666666666
99,2023-11,5,220.15
99,2023-12,1,26.016666666666666
99,2024-01,3,87.75
99,2024-02,9,529.8666666666667
99,2024-03,4,190.43333333333334
99,2024-04,6,280.48333333333335
99,2024-05,5,487.78333333333336
99,2024-06,2,285.2
99,2024-07,9,489.71666666666664
99,2024-08,5,413.31666666666666
99,2024-09,2,133.38333333333333
99,2024-10,3,85.68333333333334
99,2024-11,1,32.766666666666666
99,2024-12,4,164.66666666666666
102,2023-01,2,77.86666666666667
102,2023-02,1,153.03333333333333
102,2023-03,4,253.76666666666665
102,2023-04,3,167.11666666666667
102,2023-05,8,550.8
102,2023-06,12,773.1833333333333
102,2023-07,11,706.2
102,2023-08,6,250.88333333333333
102,2023-09,6,227.85
102,2023-10,7,444.7166666666667
102,2023-11,4,758.45
102,2023-12,5,199.43333333333334
102,2024-01,8,647.65
102,2024-02,6,379.23333333333335
102,2024-03,5,237.0
102,2024-04,4,118.21666666666667
102,2024-05,4,188.43333333333334
102,2024-06,15,1087.4166666666667
102,2024-07,13,1071.75
102,2024-08,7,379.35
102,2024-09,1,50.1
102,2024-10,4,181.45000000000002
102,2024-11,3,138.96666666666667
102,2024-12,3,278.5
103,2023-01,1,37.6
103,2023-03,1,99.16666666666667
103,2023-04,1,49.93333333333333
103,2023-05,2,77.53333333333333
103,2023-06,9,508.73333333333335
103,2023-07,7,489.9
103,2023-08,5,186.96666666666667
103,2023-09,6,248.08333333333334
103,2023-10,7,393.73333333333335
103,2023-11,4,459.9
103,2023-12,1,15.05
103,2024-01,3,245.73333333333332
103,2024-02,4,238.98333333333335
103,2024-03,4,196.28333333333333
103,2024-04,4,120.21666666666667
103,2024-05,1,88.73333333333333
103,2024-07,5,192.16666666666669
103,2024-08,7,345.03333333333336
103,2024-09,1,51.46666666666667
103,2024-10,1,49.46666666666667
103,2024-11,3,96.16666666666667
103,2024-12,3,235.3
109,2023-01,5,218.9
109,2023-02,3,90.41666666666667
109,2023-03,1,50.55
109,2023-05,2,136.1
109,2023-07,2,59.666666666666664
109,2023-09,1,15.466666666666667
109,2023-11,1,43.083333333333336
109,2023-12,1,16.733333333333334
109,2024-02,3,357.71666666666664
109,2024-03,3,114.45
109,2024-05,1,76.85
109,2024-06,1,75.0
109,2024-07,9,551.0333333333333
109,2024-08,1,89.8
109,2024-10,3,79.06666666666666
109,2024-11,2,107.63333333333333
109,2024-12,1,30.833333333333332
111,2023-01,8,305.55
111,2023-02,3,59.1
111,2023-03,1,119.75
111,2023-04,1,64.2
111,2023-05,3,109.94999999999999
111,2023-06,5,121.93333333333334
111,2023-07,3,41.983333333333334
111,2023-08,3,46.96666666666667
111,2023-09,1,130.95
111,2023-10,1,57.766666666666666
111,2023-12,1,52.36666666666667
111,2024-01,2,58.0
111,2024-02,2,180.03333333333333
111,2024-04,1,8.466666666666667
111,2024-06,4,331.78333333333336
111,2024-07,4,272.4666666666667
111,2024-08,8,435.05
111,2024-09,8,838.85
111,2024-10,6,405.2833333333333
111,2024-11,10,855.1333333333333
111,2024-12,7,606.4
111,2025-01,9,886.3166666666667
111,2025-02,2,110.65
117,2023-01,3,89.71666666666667
117,2023-02,2,59.58333333333333
117,2023-03,2,78.69999999999999
117,2023-04,6,250.63333333333333
117,2023-05,8,628.1
117,2023-06,7,294.93333333333334
117,2023-07,6,170.60000000000002
117,2023-08,6,325.58333333333337
117,2023-10,6,328.3333333333333
117,2023-11,9,459.23333333333335
117,2023-12,4,174.18333333333334
117,2024-01,3,91.65
117,2024-02,6,398.35
117,2024-03,7,442.7833333333333
117,2024-04,7,234.33333333333334
117,2024-05,4,168.5
117,2024-06,12,928.75
117,2024-07,17,1601.9833333333333
117,2024-08,5,285.55
117,2024-09,4,272.56666666666666
117,2024-10,5,426.43333333333334
117,2024-11,10,847.3333333333334
117,2024-12,6,584.1
117,2025-01,9,805.9333333333334
117,2025-02,1,111.5
186,2023-07,3,282.58333333333337
186,2024-06,1,46.31666666666667
186,2024-07,3,347.6166666666667
186,2024-08,5,516.1
190,2023-01,7,301.2
190,2023-02,5,107.03333333333333
190,2023-03,7,391.2
190,2023-04,4,159.3
190,2023-05,5,378.55
190,2023-06,7,285.0333333333333
190,2023-07,2,168.51666666666665
190,2023-09,1,30.683333333333334
190,2023-11,2,85.96666666666667
190,2023-12,1,81.75
190,2024-01,1,77.56666666666666
190,2024-04,1,33.38333333333333
190,2024-05,2,84.81666666666666
190,2024-06,1,133.68333333333334
190,2024-07,1,60.81666666666667
190,2024-08,4,231.35
190,2024-09,1,57.06666666666667
190,2024-10,2,476.1166666666667
190,2024-11,1,16.483333333333334
190,2024-12,1,180.41666666666666
191,2023-01,1,27.366666666666667
191,2023-04,1,44.983333333333334
191,2023-05,2,119.33333333333333
191,2023-06,3,134.06666666666666
191,2023-07,8,558.7666666666667
191,2023-08,3,200.83333333333334
191,2023-09,1,73.68333333333334
191,2023-10,4,250.06666666666666
191,2023-11,6,421.56666666666666
191,2024-01,1,122.2
191,2024-06,1,188.36666666666667
192,2023-07,4,236.58333333333334
192,2024-02,2,291.7
192,2024-03,2,150.26666666666665
192,2024-07,3,422.23333333333335
192,2024-08,1,93.66666666666667
193,2023-01,2,167.08333333333331
193,2023-02,1,5.1
193,2023-03,8,614.8333333333333
193,2023-05,5,248.05
193,2023-06,7,310.55
193,2023-07,3,148.18333333333334
193,2023-08,4,159.53333333333333
193,2023-09,3,141.66666666666666
193,2023-10,3,264.81666666666666
193,2023-11,3,96.33333333333334
193,2024-01,1,70.2
193,2024-08,1,37.86666666666667
194,2023-07,3,322.3666666666667
194,2024-07,1,67.7
194,2024-08,1,154.78333333333333
195,2023-01,1,19.85
195,2023-02,1,30.466666666666665
195,2023-03,3,147.95
195,2023-05,3,159.76666666666668
195,2023-06,2,58.1
195,2023-07,6,315.3833333333333
195,2023-08,1,102.45
195,2023-09,2,71.06666666666666
195,2023-10,2,76.86666666666667
195,2023-11,2,133.16666666666669
195,2023-12,3,206.08333333333334
195,2024-01,2,65.45
195,2024-04,2,236.68333333333334
195,2024-05,3,66.31666666666666
195,2024-06,1,12.566666666666666
195,2024-07,3,299.66666666666663
195,2024-08,3,52.56666666666667
195,2024-09,2,108.71666666666667
195,2024-10,2,78.8
195,2024-11,1,110.6
195,2024-12,4,160.55
195,2025-01,2,39.41666666666667
196,2023-01,8,315.05
196,2023-02,8,375.8833333333333
196,2023-03,11,399.15
196,2023-04,4,129.2
196,2023-05,9,383.31666666666666
196,2023-06,11,560.3166666666666
196,2023-07,11,431.29999999999995
196,2023-08,4,331.65
196,2023-09,3,38.03333333333333
196,2023-10,2,132.95
196,2023-11,1,108.06666666666666
196,2023-12,2,16.483333333333334
196,2024-01,1,15.15
196,2024-04,2,255.55
196,2024-05,6,234.3
196,2024-06,4,270.9
196,2024-08,1,112.81666666666666
196,2024-09,2,39.25
196,2024-11,3,341.1333333333333
196,2025-01,1,25.25
197,2024-07,2,182.76666666666665
197,2024-08,1,159.26666666666668
205,2023-01,1,42.13333333333333
205,2023-02,4,107.08333333333333
205,2023-04,1,31.783333333333335
205,2023-05,4,81.61666666666667
205,2023-06,1,10.016666666666667
205,2023-07,2,210.83333333333331
205,2023-09,3,134.16666666666669
205,2023-11,1,107.86666666666666
205,2024-02,1,94.23333333333333
205,2024-05,1,82.55
205,2024-06,1,70.28333333333333
205,2024-07,5,460.6166666666667
205,2024-08,1,123.98333333333333
205,2024-10,2,46.55
205,2024-12,3,118.21666666666667
205,2025-01,1,14.883333333333333
206,2023-03,1,260.8
206,2023-04,1,48.516666666666666
206,2023-07,4,282.2
206,2023-09,1,128.38333333333333
206,2024-01,1,58.28333333333333
206,2024-02,2,153.23333333333335
206,2024-03,1,21.483333333333334
206,2024-04,1,110.26666666666667
208,2023-06,7,324.3833333333333
208,2023-07,6,182.45
208,2023-08,3,99.93333333333334
208,2023-09,3,162.83333333333334
208,2023-10,5,409.93333333333334
208,2023-11,2,103.91666666666666
208,2023-12,3,145.11666666666667
208,2024-01,2,39.45
208,2024-02,7,490.08333333333337
208,2024-03,2,68.18333333333334
208,2024-04,1,14.0
208,2024-05,7,368.06666666666666
208,2024-06,1,54.11666666666667
208,2024-07,2,153.73333333333335
208,2024-08,2,48.1
208,2024-09,4,255.89999999999998
208,2024-10,2,47.916666666666664
208,2024-11,4,287.81666666666666
208,2024-12,1,36.483333333333334
208,2025-01,3,156.95000000000002
208,2025-02,1,76.23333333333333
214,2023-07,1,95.31666666666666
214,2023-12,1,71.16666666666667
214,2024-01,4,217.16666666666669
214,2024-02,2,124.46666666666667
214,2024-03,3,279.4
214,2024-04,2,125.18333333333334
214,2024-05,4,432.6333333333333
214,2024-06,4,546.95
214,2024-07,4,450.8833333333334
214,2024-08,2,126.26666666666667
214,2024-09,3,112.76666666666667
214,2024-10,3,295.0833333333333
214,2024-11,6,512.1833333333333
214,2024-12,2,125.06666666666666
214,2025-01,4,189.9
216,2023-07,2,74.11666666666666
216,2023-09,1,91.38333333333334
216,2024-03,1,71.18333333333334
216,2024-04,1,105.43333333333334
216,2024-05,1,61.9
216,2024-06,1,32.11666666666667
216,2024-07,2,92.5
216,2024-08,4,97.36666666666667
216,2024-09,2,154.95
216,2024-10,1,83.48333333333333
216,2024-11,1,14.133333333333333
216,2025-01,1,10.55
217,2023-07,1,31.5
217,2024-02,1,36.833333333333336
217,2024-04,1,202.31666666666666
217,2024-07,2,116.05000000000001
218,2023-01,5,206.48333333333335
218,2023-02,7,237.61666666666667
218,2023-03,5,253.58333333333331
218,2023-04,3,147.43333333333334
218,2023-05,1,58.86666666666667
218,2023-06,4,82.68333333333334
218,2023-07,3,107.23333333333333
218,2023-08,4,236.33333333333331
218,2023-09,1,77.58333333333333
218,2023-11,3,77.65
218,2024-01,1,45.75
218,2024-02,2,45.41666666666667
218,2024-03,3,60.21666666666667
218,2024-04,1,39.75
218,2024-06,1,140.95
218,2024-07,3,147.38333333333333
218,2024-08,4,104.76666666666667
218,2024-10,3,91.58333333333333
218,2024-11,5,189.23333333333335
218,2024-12,1,27.466666666666665
220,2023-01,1,37.95
220,2023-03,2,118.95
220,2023-05,2,42.85
220,2023-06,1,30.95
220,2023-07,1,13.116666666666667
220,2023-10,1,49.61666666666667
220,2023-11,3,122.6
220,2024-02,1,83.23333333333333
220,2024-05,1,27.333333333333332
220,2024-06,1,39.9
220,2024-07,2,157.21666666666667
220,2024-08,3,208.96666666666667
220,2024-10,2,50.15
220,2024-11,1,18.366666666666667
220,2025-01,1,70.16666666666667
221,2023-06,2,177.4
221,2023-07,4,490.56666666666666
221,2023-09,1,67.63333333333334
221,2023-11,1,77.46666666666667
221,2024-01,5,279.01666666666665
221,2024-02,2,140.26666666666668
221,2024-04,3,134.28333333333333
221,2024-05,3,226.1
221,2024-06,3,389.6333333333333
221,2024-07,3,253.81666666666666
221,2024-09,3,238.68333333333334
221,2024-10,3,219.41666666666666
221,2024-11,5,232.8
221,2024-12,4,203.63333333333333
221,2025-01,3,49.28333333333333
222,2023-01,5,205.48333333333332
222,2023-02,2,101.4
222,2023-03,2,99.23333333333333
222,2023-04,1,36.833333333333336
222,2023-05,4,193.31666666666666
222,2023-06,4,143.03333333333333
222,2023-07,4,423.45
222,2023-08,3,139.11666666666667
222,2023-09,4,328.8833333333333
222,2023-10,4,202.66666666666669
222,2023-11,4,161.51666666666665
222,2023-12,3,165.81666666666666
222,2024-01,1,57.18333333333333
222,2024-02,2,49.78333333333333
222,2024-03,1,91.53333333333333
222,2024-05,2,74.9
222,2024-06,6,561.9000000000001
222,2024-07,4,495.8
222,2024-08,10,971.35
222,2024-09,6,315.18333333333334
222,2024-10,1,149.56666666666666
222,2024-11,3,226.16666666666666
222,2024-12,2,128.88333333333333
222,2025-01,2,170.58333333333334
223,2023-01,3,72.85
223,2023-02,4,114.03333333333333
223,2023-03,3,61.53333333333333
223,2023-04,4,136.8
223,2023-05,1,24.083333333333332
223,2023-06,4,156.13333333333333
223,2023-07,2,185.35
223,2023-08,1,95.36666666666666
223,2023-09,2,289.93333333333334
223,2023-11,1,96.73333333333333
223,2024-01,1,20.733333333333334
223,2024-02,1,41.65
223,2024-05,2,133.98333333333335
223,2024-06,3,239.48333333333335
223,2024-07,6,525.0666666666667
223,2024-08,2,103.1
223,2024-10,3,289.2833333333333
223,2024-11,2,118.48333333333333
223,2024-12,5,212.25
223,2025-01,1,71.06666666666666
223,2025-02,1,83.03333333333333
224,2023-01,1,88.38333333333334
224,2023-02,1,83.9
224,2023-03,3,225.53333333333333
224,2023-04,5,204.08333333333331
224,2023-05,8,384.46666666666664
224,2023-06,2,81.96666666666667
224,2023-07,9,419.6333333333333
224,2023-08,2,67.71666666666667
224,2023-09,3,142.76666666666665
224,2023-10,3,164.55
224,2023-11,7,382.31666666666666
224,2023-12,1,12.483333333333333
224,2024-01,3,61.08333333333333
224,2024-02,4,179.48333333333335
224,2024-03,1,81.16666666666667
224,2024-04,2,65.56666666666666
224,2024-05,3,125.35000000000001
224,2024-06,9,606.4
224,2024-07,8,626.1333333333333
224,2024-08,11,1028.3166666666666
224,2024-10,3,209.01666666666668
224,2024-11,2,108.71666666666667
224,2025-01,2,43.38333333333333
298,2023-01,2,48.53333333333333
298,2023-02,1,70.26666666666667
298,2023-03,1,23.866666666666667
298,2023-04,2,110.55
298,2023-05,2,120.76666666666668
298,2023-06,4,171.43333333333334
298,2023-07,7,200.15
298,2023-08,4,477.71666666666664
298,2023-09,4,160.6
298,2023-10,2,75.41666666666667
298,2023-11,5,200.95
298,2024-01,2,194.55
298,2024-02,11,861.5333333333333
298,2024-03,2,111.93333333333334
298,2024-04,8,749.55
298,2024-05,4,158.65
298,2024-06,7,396.56666666666666
298,2024-07,2,225.75
298,2024-08,8,462.3833333333333
298,2024-09,1,70.41666666666667
298,2024-10,3,126.88333333333333
298,2024-12,1,34.1
298,2025-01,3,134.91666666666666
298,2025-02,1,39.583333333333336
315,2024-01,1,260.8333333333333
315,2024-03,3,138.18333333333334
316,2023-01,3,92.48333333333333
316,2023-02,3,364.3
316,2023-03,2,226.6
316,2023-04,1,33.233333333333334
316,2023-05,4,207.86666666666667
316,2023-06,10,639.1666666666666
316,2023-07,3,171.35
316,2023-08,3,73.85
316,2023-09,3,194.43333333333334
316,2023-10,4,224.58333333333334
316,2023-11,2,72.73333333333333
316,2024-02,2,218.33333333333331
316,2024-03,5,163.83333333333334
316,2024-04,2,204.73333333333335
316,2024-05,3,102.73333333333335
316,2024-06,6,155.95
316,2024-07,3,144.35000000000002
316,2024-08,5,369.01666666666665
316,2024-09,4,230.88333333333333
316,2024-10,1,69.86666666666666
316,2024-11,2,87.21666666666667
316,2024-12,2,141.28333333333333
316,2025-01,3,124.68333333333334
317,2023-02,4,100.35
317,2023-03,1,77.1
317,2023-04,2,56.86666666666667
317,2023-05,12,429.1
317,2023-06,6,56.21666666666667
317,2023-07,6,154.13333333333333
317,2023-08,3,55.016666666666666
317,2023-09,2,89.88333333333334
317,2023-11,2,62.21666666666667
317,2023-12,3,110.91666666666667
317,2024-01,1,7.716666666666667
317,2024-03,2,103.5
317,2024-04,4,195.73333333333335
317,2024-05,4,151.05
317,2024-06,6,269.0333333333333
317,2024-07,4,273.4
317,2024-08,2,188.58333333333331
317,2024-09,6,397.08333333333337
317,2024-10,4,292.43333333333334
317,2024-11,5,361.91666666666663
317,2024-12,2,36.483333333333334
317,2025-01,6,367.4
317,2025-02,1,6.7
318,2023-07,1,65.81666666666666
318,2024-02,2,287.71666666666664
318,2024-07,1,49.983333333333334
318,2024-08,1,18.0
320,2023-01,1,113.98333333333333
320,2023-02,1,27.933333333333334
320,2023-03,1,97.05
320,2023-04,1,43.43333333333333
320,2023-05,3,126.15
320,2023-06,3,187.83333333333331
320,2023-07,4,208.11666666666667
320,2023-08,1,33.85
320,2023-09,1,72.98333333333333
320,2023-10,1,13.35
320,2023-11,3,138.66666666666666
320,2023-12,1,7.283333333333333
320,2024-01,2,67.93333333333334
320,2024-02,4,307.3833333333333
320,2024-03,3,143.63333333333333
320,2024-04,2,116.08333333333334
320,2024-05,2,155.35
320,2024-06,1,50.85
320,2024-07,7,326.1166666666667
320,2024-08,1,18.15
320,2024-10,3,83.81666666666666
320,2024-12,2,80.7
320,2025-01,6,325.7166666666667
320,2025-02,3,95.36666666666667
323,2023-01,1,31.916666666666668
323,2023-03,1,5.066666666666666
323,2023-04,1,73.51666666666667
323,2023-05,2,102.98333333333333
323,2023-06,2,65.96666666666667
323,2023-07,4,181.14999999999998
323,2023-08,2,57.38333333333333
323,2023-09,2,162.54999999999998
323,2023-10,1,33.483333333333334
323,2023-11,1,28.683333333333334
323,2023-12,1,6.116666666666666
323,2024-02,2,132.1
323,2024-04,1,43.18333333333333
323,2024-05,6,252.63333333333333
323,2024-06,3,31.216666666666665
323,2024-07,2,85.93333333333334
323,2024-08,3,46.733333333333334
323,2024-09,3,158.79999999999998
323,2024-10,2,15.783333333333331
323,2024-12,3,139.65
323,2025-01,2,53.016666666666666
324,2024-06,1,128.51666666666668
325,2023-03,1,61.38333333333333
325,2024-02,1,121.1
326,2023-01,3,108.14999999999999
326,2023-02,4,139.71666666666667
326,2023-03,1,35.81666666666667
326,2023-04,2,41.266666666666666
326,2023-05,4,141.2
326,2023-06,7,397.06666666666666
326,2023-07,2,46.766666666666666
326,2023-08,2,89.11666666666667
326,2023-09,3,143.36666666666667
326,2023-10,5,213.55
326,2023-11,2,43.05
326,2023-12,2,100.33333333333333
326,2024-01,2,172.3
326,2024-02,6,343.3666666666667
326,2024-03,2,24.75
326,2024-04,3,116.46666666666667
326,2024-05,4,156.08333333333331
326,2024-06,6,308.93333333333334
326,2024-07,8,384.95
326,2024-08,10,774.7833333333333
326,2024-10,3,296.96666666666664
326,2024-11,2,147.78333333333333
326,2024-12,3,115.48333333333333
326,2025-01,2,79.25
327,2024-01,1,260.23333333333335
327,2024-02,1,292.4
327,2024-03,3,194.53333333333333
328,2023-02,3,131.26666666666668
328,2023-03,1,25.583333333333332
328,2023-05,3,92.55000000000001
328,2023-06,4,132.55
328,2023-07,2,83.55
328,2023-08,2,43.016666666666666
328,2023-09,2,172.5
328,2023-11,6,355.81666666666666
328,2024-01,4,308.7166666666667
328,2024-02,5,253.48333333333335
328,2024-03,3,114.13333333333334
328,2024-04,1,104.55
328,2024-05,3,153.75
328,2024-06,2,91.9
328,2024-07,3,235.03333333333333
328,2024-08,2,186.73333333333335
328,2024-09,1,35.916666666666664
328,2024-10,6,420.7
328,2024-11,4,324.54999999999995
328,2025-01,2,140.63333333333333
329,2023-01,1,46.516666666666666
329,2023-03,2,95.15
329,2023-04,1,75.65
329,2023-05,4,107.41666666666667
329,2023-06,2,93.38333333333333
329,2023-07,1,38.766666666666666
329,2023-08,1,39.06666666666667
329,2023-09,2,58.7
329,2023-10,4,115.48333333333333
329,2023-11,1,15.533333333333333
329,2024-01,1,60.88333333333333
329,2024-02,2,70.65
329,2024-04,2,42.91666666666667
329,2024-05,4,54.7
329,2024-06,4,266.01666666666665
329,2024-07,4,123.1
329,2024-08,8,304.8333333333333
329,2024-09,2,91.55
329,2024-10,7,575.75
329,2024-11,2,53.45
329,2024-12,8,850.0166666666667
329,2025-01,4,355.26666666666665
330,2023-01,1,46.63333333333333
330,2023-02,4,101.96666666666667
330,2023-03,2,69.05
330,2023-04,1,42.78333333333333
330,2023-05,1,8.683333333333334
330,2023-06,1,72.31666666666666
330,2023-07,6,190.66666666666666
330,2023-08,2,79.1
330,2023-09,5,174.0
330,2023-11,3,65.73333333333333
330,2024-02,1,165.3
330,2024-03,1,43.7
330,2024-04,2,65.65
330,2024-05,1,39.93333333333333
330,2024-06,6,320.5333333333333
330,2024-07,1,40.35
330,2024-08,3,250.41666666666669
330,2024-09,3,215.11666666666667
330,2024-10,2,172.1
330,2024-11,2,150.83333333333334
330,2024-12,1,67.66666666666667
330,2025-01,1,12.15
331,2023-04,1,15.633333333333333
331,2023-06,3,81.35000000000001
331,2023-07,4,262.5
331,2023-08,1,27.483333333333334
331,2023-09,2,101.4
331,2023-10,1,14.466666666666667
331,2023-11,2,65.66666666666667
331,2024-01,1,23.2
331,2024-03,2,42.83333333333333
331,2024-04,1,34.35
331,2024-05,2,77.1
331,2024-06,5,164.91666666666666
331,2024-07,5,317.73333333333335
331,2024-10,2,64.35
331,2024-12,1,58.8
331,2025-01,2,77.83333333333333
333,2023-01,1,32.36666666666667
333,2023-02,2,41.9
333,2023-05,1,45.75
333,2023-06,1,19.066666666666666
333,2023-09,1,40.6
333,2023-10,1,73.13333333333334
333,2023-12,1,4.166666666666667
333,2024-01,1,31.116666666666667
333,2024-02,1,55.43333333333333
333,2024-07,1,66.5
333,2024-08,1,218.46666666666667
333,2024-10,2,39.96666666666667
333,2024-12,3,59.96666666666667
334,2023-01,4,121.11666666666667
334,2023-03,3,85.53333333333333
334,2023-04,1,12.5
334,2023-05,1,26.45
334,2023-06,4,103.31666666666666
334,2023-07,1,9.833333333333334
334,2023-08,1,7.8
334,2023-09,1,15.55
334,2023-10,1,24.05
334,2023-11,2,95.68333333333334
334,2023-12,2,67.66666666666666
334,2024-01,5,135.21666666666667
334,2024-02,1,91.11666666666666
334,2024-03,2,62.766666666666666
334,2024-04,2,183.88333333333333
334,2024-05,4,229.15
334,2024-06,2,123.65
334,2024-07,7,350.33333333333337
334,2024-08,5,294.06666666666666
334,2024-09,1,13.566666666666666
334,2024-10,9,398.41666666666663
334,2024-11,3,94.06666666666666
334,2024-12,4,103.26666666666668
334,2025-01,1,23.766666666666666
335,2023-01,5,130.0
335,2023-02,5,155.8
335,2023-03,3,94.28333333333333
335,2023-04,3,142.8
335,2023-05,2,40.21666666666667
335,2023-06,4,114.71666666666667
335,2023-07,3,80.33333333333333
335,2023-08,6,192.08333333333334
335,2023-09,5,248.0
335,2023-10,2,39.0
335,2023-11,1,40.53333333333333
335,2024-01,3,132.15
335,2024-02,1,223.46666666666667
335,2024-04,3,95.38333333333333
335,2024-05,4,138.0
335,2024-06,6,666.75
335,2024-07,4,135.58333333333331
335,2024-08,9,291.6166666666667
335,2024-09,5,533.35
335,2024-10,7,580.9833333333333
335,2024-11,2,70.21666666666667
335,2024-12,3,127.0
335,2025-01,2,60.0
338,2023-01,6,291.2
338,2023-03,2,148.2
338,2023-04,3,95.6
338,2023-05,3,116.25
338,2023-06,3,65.1
338,2023-07,8,478.55
338,2023-08,6,174.16666666666669
338,2023-10,5,361.5833333333333
338,2023-11,2,64.96666666666667
338,2023-12,11,511.31666666666666
338,2024-01,6,202.31666666666666
338,2024-02,3,145.83333333333334
338,2024-03,3,41.95
338,2024-04,2,158.98333333333335
338,2024-05,8,444.76666666666665
338,2024-07,2,21.1
338,2024-08,7,457.01666666666665
338,2024-09,3,71.48333333333333
338,2024-10,2,162.28333333333333
338,2024-11,1,42.25
338,2024-12,1,15.716666666666667
338,2025-01,1,45.43333333333333
339,2023-01,6,193.03333333333333
339,2023-03,3,223.73333333333332
339,2023-04,3,79.48333333333333
339,2023-05,13,655.5833333333334
339,2023-06,1,48.05
339,2023-07,9,329.85
339,2023-08,2,67.1
339,2023-09,4,129.88333333333333
339,2023-10,3,109.94999999999999
339,2023-11,5,236.66666666666666
339,2023-12,4,220.93333333333334
339,2024-01,6,294.83333333333337
339,2024-02,8,615.9333333333333
339,2024-03,4,129.41666666666666
339,2024-04,1,87.13333333333334
339,2024-05,5,185.41666666666669
339,2024-06,2,145.05
339,2024-07,5,262.85
339,2024-08,8,260.43333333333334
339,2024-09,1,6.9
339,2024-12,1,15.716666666666667
339,2025-01,2,129.51666666666665
340,2023-01,3,97.21666666666668
340,2023-02,6,329.55
340,2023-03,2,96.23333333333333
340,2023-04,1,44.93333333333333
340,2023-05,1,77.88333333333334
340,2023-06,2,57.333333333333336
340,2023-07,2,49.06666666666667
340,2023-08,2,48.78333333333334
340,2023-09,4,104.71666666666667
340,2023-10,3,109.38333333333334
340,2023-11,4,162.43333333333334
340,2023-12,1,86.76666666666667
340,2024-01,4,274.68333333333334
340,2024-02,7,557.7166666666667
340,2024-03,1,23.366666666666667
340,2024-04,1,80.63333333333334
340,2024-05,6,170.85
340,2024-06,3,426.4166666666667
340,2024-07,9,969.8
340,2024-08,9,682.1
340,2024-09,2,134.95
340,2024-11,3,145.01666666666668
340,2024-12,4,133.95
340,2025-01,1,107.66666666666667
343,2023-01,2,91.98333333333333
343,2023-02,9,397.1333333333333
343,2023-03,7,375.8
343,2023-04,5,183.28333333333333
343,2023-05,6,152.96666666666667
343,2023-06,14,479.03333333333336
343,2023-07,6,231.7
343,2023-08,1,32.333333333333336
343,2023-09,5,263.91666666666663
343,2023-10,5,194.41666666666669
343,2023-11,4,142.71666666666667
343,2023-12,4,76.76666666666668
343,2024-01,4,122.31666666666666
343,2024-02,4,150.95
343,2024-03,1,91.95
343,2024-04,3,147.63333333333333
343,2024-05,5,224.7
343,2024-06,3,337.26666666666665
343,2024-07,2,106.63333333333334
343,2024-08,11,1008.5666666666667
343,2024-09,4,175.5666666666667
343,2024-10,2,99.75
343,2024-11,3,251.95000000000002
343,2024-12,5,276.0
343,2025-01,3,159.06666666666666
344,2023-01,7,271.3
344,2023-02,5,294.5333333333333
344,2023-03,3,164.76666666666665
344,2023-04,5,184.98333333333335
344,2023-05,1,12.95
344,2023-06,5,148.75
344,2023-07,8,421.2833333333333
344,2023-08,5,238.45000000000002
344,2023-09,2,97.75
344,2023-10,6,326.6333333333333
344,2023-11,6,363.9
344,2023-12,2,196.31666666666666
344,2024-01,1,13.15
344,2024-02,3,218.43333333333334
344,2024-03,3,182.26666666666665
344,2024-04,3,318.8166666666667
344,2024-05,4,127.71666666666667
344,2024-06,5,977.6
344,2024-07,10,1076.4
344,2024-08,10,896.2166666666667
344,2024-09,11,819.45
344,2024-10,8,578.8
344,2024-11,4,231.03333333333333
344,2024-12,5,220.38333333333333
344,2025-01,1,47.38333333333333
344,2025-02,1,99.93333333333334
346,2023-01,1,7.033333333333333
346,2023-02,1,5.05
346,2023-03,1,69.83333333333333
346,2023-07,1,28.916666666666668
346,2023-08,4,453.4
346,2023-12,2,29.099999999999998
346,2024-01,1,50.13333333333333
346,2024-03,2,61.28333333333333
346,2024-04,1,36.45
346,2024-06,1,23.583333333333332
346,2024-07,1,16.083333333333332
346,2024-10,1,28.316666666666666
346,2024-12,1,12.6
347,2023-01,6,271.0833333333333
347,2023-02,1,32.36666666666667
347,2023-03,1,36.78333333333333
347,2023-04,2,90.13333333333333
347,2023-05,4,142.31666666666666
347,2023-06,2,50.16666666666667
347,2023-07,5,178.79999999999998
347,2023-08,4,264.56666666666666
347,2023-09,1,79.6
347,2023-10,4,200.66666666666666
347,2023-11,2,105.64999999999999
347,2023-12,4,222.81666666666666
347,2024-01,6,200.58333333333334
347,2024-02,1,203.56666666666666
347,2024-03,7,389.8
347,2024-05,1,26.183333333333334
347,2024-06,2,60.983333333333334
347,2024-07,4,411.71666666666664
347,2024-08,3,320.3
347,2024-09,2,156.08333333333334
347,2024-10,1,74.11666666666666
347,2024-11,3,317.65
347,2024-12,4,115.55
347,2025-01,2,89.61666666666667
348,2023-01,2,76.18333333333334
348,2023-02,1,20.966666666666665
348,2023-03,1,26.016666666666666
348,2023-04,3,149.8
348,2023-05,5,120.61666666666666
348,2023-06,3,66.43333333333334
348,2023-07,2,37.95
348,2023-08,2,52.95
348,2023-09,2,97.86666666666667
348,2023-10,1,5.833333333333333
348,2023-11,1,70.91666666666667
348,2024-03,1,38.35
348,2024-04,3,87.76666666666667
348,2024-05,1,67.25
348,2024-06,5,234.3
348,2024-07,1,105.63333333333334
348,2024-08,3,172.16666666666669
348,2024-10,1,56.15
348,2024-12,2,33.81666666666666
348,2025-01,3,68.64999999999999
348,2025-02,1,23.133333333333333
350,2023-02,1,9.35
350,2023-03,4,300.31666666666666
350,2023-06,1,10.2
350,2023-07,1,35.5
350,2023-09,2,61.56666666666666
350,2023-10,1,77.36666666666666
350,2023-11,2,58.2
350,2024-01,2,89.63333333333334
350,2024-02,2,293.83333333333337
350,2024-03,1,77.08333333333333
350,2024-04,2,302.91666666666663
350,2024-05,1,131.1
350,2024-06,3,236.43333333333334
350,2024-07,4,531.1166666666667
350,2024-08,4,147.3
350,2024-09,2,113.68333333333334
350,2024-10,2,106.88333333333333
350,2024-11,4,290.23333333333335
350,2024-12,5,341.0333333333333
350,2025-01,2,191.83333333333331
350,2025-02,1,32.983333333333334
351,2023-01,2,74.21666666666667
351,2023-02,3,47.733333333333334
351,2023-03,2,71.53333333333333
351,2023-04,3,129.15
351,2023-05,3,145.86666666666667
351,2023-06,4,304.6166666666667
351,2023-07,2,100.61666666666667
351,2023-08,1,49.95
351,2023-09,4,152.95
351,2023-10,4,170.46666666666667
351,2023-11,4,117.51666666666667
351,2023-12,3,88.78333333333333
351,2024-01,1,32.166666666666664
351,2024-02,1,47.15
351,2024-03,2,159.46666666666667
351,2024-04,2,156.93333333333334
351,2024-05,2,69.85
351,2024-06,2,91.21666666666667
351,2024-07,5,417.93333333333334
351,2024-08,4,344.15000000000003
351,2024-10,2,92.7
351,2024-11,1,24.833333333333332
351,2024-12,2,184.03333333333333
351,2025-01,3,163.5
351,2025-02,1,30.95
353,2023-02,3,108.4
353,2023-03,2,183.31666666666666
353,2023-04,2,108.94999999999999
353,2023-05,4,280.01666666666665
353,2023-06,2,33.46666666666667
353,2023-07,8,256.4166666666667
353,2023-08,1,20.216666666666665
353,2023-09,2,82.86666666666666
353,2023-10,7,228.73333333333335
353,2023-11,3,89.46666666666667
353,2024-01,2,110.64999999999999
353,2024-02,1,72.73333333333333
353,2024-03,3,226.5
353,2024-05,1,27.85
353,2024-06,6,468.6166666666667
353,2024-07,1,121.91666666666667
353,2024-08,4,256.25
353,2024-09,3,109.53333333333333
353,2024-10,1,164.6
353,2024-11,5,332.15
353,2024-12,2,147.26666666666665
353,2025-01,1,31.133333333333333
353,2025-02,1,88.33333333333333
539,2023-06,1,39.13333333333333
539,2023-07,1,104.16666666666667
539,2023-09,1,79.36666666666666
539,2024-01,1,70.1
539,2024-02,1,104.46666666666667
539,2024-03,1,195.26666666666668
539,2024-06,1,125.5
539,2024-07,2,103.28333333333333
540,2023-02,1,69.58333333333333
540,2023-03,4,288.55
540,2023-04,3,102.4
540,2023-05,5,281.1333333333333
540,2023-06,5,482.4833333333334
540,2023-07,4,154.53333333333333
540,2023-08,3,66.55
540,2023-09,4,287.15
540,2023-10,6,185.55
540,2023-11,6,194.36666666666667
540,2023-12,6,360.1
540,2024-01,3,155.26666666666668
540,2024-02,2,37.05
540,2024-03,5,197.55
540,2024-05,3,206.83333333333331
540,2024-06,3,146.1
540,2024-07,1,55.483333333333334
540,2024-08,4,205.73333333333332
540,2024-09,1,112.7
540,2024-10,3,113.46666666666667
540,2024-11,2,175.5
540,2024-12,5,155.0
540,2025-01,2,69.35
541,2023-05,1,54.9
541,2023-07,2,141.75
541,2024-08,1,2.4833333333333334
542,2024-06,1,139.33333333333334
542,2024-08,1,36.38333333333333
543,2024-04,1,158.05
543,2024-08,1,74.83333333333333
544,2023-03,1,43.983333333333334
544,2023-07,1,150.26666666666668
544,2024-02,1,60.25
544,2024-03,1,88.48333333333333
544,2024-07,2,78.85000000000001
544,2024-08,2,194.75
545,2024-02,1,39.11666666666667
545,2024-06,1,238.66666666666666
545,2024-07,1,74.51666666666667
545,2024-08,3,221.56666666666666
546,2023-01,2,22.483333333333334
546,2023-02,5,98.48333333333333
546,2023-03,4,179.33333333333334
546,2023-04,1,34.53333333333333
546,2023-05,5,351.3333333333333
546,2023-06,9,636.3
546,2023-07,6,250.91666666666666
546,2023-08,4,278.2166666666667
546,2023-09,6,291.76666666666665
546,2023-10,5,212.46666666666667
546,2023-11,1,12.95
546,2024-01,1,0.65
546,2024-02,2,213.38333333333333
546,2024-03,4,170.48333333333335
546,2024-04,2,82.4
546,2024-05,6,292.9
546,2024-06,7,532.1
546,2024-07,6,333.45
546,2024-08,2,74.61666666666667
546,2024-09,4,410.51666666666665
546,2024-10,1,47.45
546,2025-01,8,399.65000000000003
546,2025-02,1,45.05
547,2024-02,1,46.833333333333336
548,2023-01,1,51.4
548,2023-03,1,57.53333333333333
548,2023-04,4,191.7
548,2023-05,5,135.00000000000003
548,2023-06,9,509.55
548,2023-07,5,108.61666666666667
548,2023-08,8,562.8166666666666
548,2023-09,9,294.81666666666666
548,2023-10,6,404.23333333333335
548,2023-11,6,343.51666666666665
548,2023-12,3,115.2
548,2024-01,4,190.33333333333334
548,2024-02,2,125.01666666666667
548,2024-04,3,199.6
548,2024-05,7,145.05
548,2024-06,12,537.8666666666667
548,2024-07,4,253.7
548,2024-08,6,270.40000000000003
548,2024-09,10,1033.75
548,2024-10,9,608.2666666666667
548,2024-11,18,1333.7833333333333
548,2024-12,19,1088.6166666666668
548,2025-01,15,1306.5333333333333
548,2025-02,2,332.25
549,2023-07,1,37.88333333333333
549,2024-01,1,57.266666666666666
549,2024-04,1,124.71666666666667
549,2024-06,1,109.96666666666667
549,2024-07,1,22.433333333333334
549,2024-08,1,45.21666666666667
549,2024-10,1,58.13333333333333
550,2023-01,1,87.95
550,2023-02,1,1.95
550,2023-03,1,0.9166666666666666
550,2023-04,1,44.266666666666666
550,2023-05,5,283.7166666666667
550,2023-06,10,441.45
550,2023-07,7,334.05
550,2023-08,5,319.1333333333333
550,2023-09,8,541.3666666666667
550,2023-10,11,642.1666666666666
550,2023-11,7,411.93333333333334
550,2023-12,1,97.03333333333333
550,2024-01,6,381.7
550,2024-02,13,528.9166666666666
550,2024-03,3,193.86666666666667
550,2024-04,7,488.8
550,2024-05,10,593.0
550,2024-06,15,900.3833333333333
550,2024-07,10,893.4166666666667
550,2024-08,11,724.25
550,2024-09,17,1754.9333333333334
550,2024-10,31,4338.25
550,2024-11,30,4033.6833333333334
550,2024-12,32,4785.183333333333
550,2025-01,25,2670.9333333333334
550,2025-02,5,738.4333333333334
551,2023-01,1,21.383333333333333
551,2023-02,4,403.84999999999997
551,2023-03,2,91.71666666666667
551,2023-04,2,84.65
551,2023-06,3,90.51666666666667
551,2023-07,1,203.25
551,2023-08,2,80.85
551,2023-09,2,161.06666666666666
551,2023-10,3,192.41666666666669
551,2023-11,2,55.65
551,2023-12,4,221.05
551,2024-01,1,26.266666666666666
551,2024-03,3,175.05
551,2024-04,4,294.56666666666666
551,2024-05,3,266.5833333333333
551,2024-06,3,274.35
551,2024-07,4,324.8
551,2024-08,5,612.9666666666667
551,2024-09,8,744.4
551,2024-10,6,667.0833333333334
551,2024-11,3,526.4333333333333
551,2024-12,1,31.983333333333334
551,2025-01,3,177.53333333333333
552,2023-02,1,26.116666666666667
552,2023-03,9,559.3333333333333
552,2023-04,4,97.43333333333334
552,2023-05,9,466.6333333333333
552,2023-06,13,739.2333333333333
552,2023-07,16,1091.9
552,2023-08,10,628.5666666666666
552,2023-09,13,609.6333333333333
552,2023-10,8,274.8666666666667
552,2023-11,4,139.21666666666667
552,2023-12,1,20.6
552,2024-01,4,184.1
552,2024-02,3,167.36666666666667
552,2024-03,1,92.6
552,2024-04,4,166.0
552,2024-05,6,294.8833333333333
552,2024-06,4,210.0
552,2024-07,10,447.3333333333333
552,2024-08,3,229.46666666666667
552,2024-09,2,115.80000000000001
552,2024-10,9,649.5
552,2024-11,6,225.28333333333333
552,2025-01,9,357.1
552,2025-02,3,234.41666666666669
553,2023-01,6,326.0
553,2023-02,1,63.43333333333333
553,2023-03,7,207.53333333333333
553,2023-04,1,20.75
553,2023-05,6,399.31666666666666
553,2023-06,11,373.1
553,2023-07,10,377.2
553,2023-08,6,235.91666666666666
553,2023-09,5,232.18333333333334
553,2023-10,7,249.36666666666667
553,2023-11,6,339.93333333333334
553,2023-12,6,476.43333333333334
553,2024-01,7,274.71666666666664
553,2024-02,9,426.98333333333335
553,2024-03,13,513.85
553,2024-04,1,35.8
553,2024-05,3,93.13333333333333
553,2024-06,8,379.8
553,2024-07,8,385.93333333333334
553,2024-08,9,842.3166666666666
553,2024-09,2,110.94999999999999
553,2024-12,7,592.7166666666667
553,2025-01,5,268.66666666666663
554,2023-01,2,138.03333333333333
554,2023-02,8,534.45
554,2023-04,4,225.98333333333332
554,2023-05,13,781.75
554,2023-06,4,443.3333333333333
554,2023-07,7,309.98333333333335
554,2023-08,12,772.8833333333333
554,2023-09,10,502.6333333333333
554,2023-10,14,835.6333333333333
554,2023-11,11,675.3333333333334
554,2023-12,2,176.76666666666668
554,2024-01,3,208.96666666666667
554,2024-02,2,164.98333333333332
554,2024-03,1,5.083333333333333
554,2024-04,5,272.51666666666665
554,2024-05,3,163.4
554,2024-06,6,490.9
554,2024-07,7,882.0666666666666
554,2024-08,12,721.3833333333333
554,2024-09,9,767.5333333333333
554,2024-10,8,510.25
554,2024-11,12,1054.3666666666666
554,2024-12,12,841.3
554,2025-01,17,1323.0
554,2025-02,1,84.65
555,2023-01,1,18.116666666666667
555,2023-02,2,63.61666666666667
555,2023-04,1,156.76666666666668
555,2023-05,1,90.3
555,2023-06,4,121.31666666666666
555,2023-07,10,393.1666666666667
555,2023-08,2,48.78333333333333
555,2023-09,6,350.9166666666667
555,2023-10,1,63.733333333333334
555,2024-01,1,55.03333333333333
555,2024-02,3,229.2166666666667
555,2024-03,3,69.75
555,2024-05,2,54.2
555,2024-07,3,194.26666666666665
555,2024-08,4,356.93333333333334
555,2024-09,8,836.3
555,2024-10,8,466.48333333333335
555,2024-11,9,849.9
555,2024-12,7,623.3166666666667
555,2025-01,9,889.3666666666667
555,2025-02,1,49.31666666666667
556,2023-02,3,136.73333333333332
556,2023-03,7,517.5666666666666
556,2023-04,2,109.6
556,2023-05,6,325.01666666666665
556,2023-06,12,771.85
556,2023-07,14,441.4666666666667
556,2023-08,5,291.3833333333333
556,2023-09,3,296.98333333333335
556,2023-10,7,239.53333333333333
556,2023-11,1,41.8
556,2023-12,3,111.95
556,2024-01,2,94.83333333333334
556,2024-02,5,214.26666666666665
556,2024-03,5,211.51666666666665
556,2024-04,2,229.26666666666665
556,2024-06,7,495.23333333333335
556,2024-07,5,340.9333333333333
556,2024-08,7,517.45
556,2024-09,3,112.5
556,2024-10,2,256.56666666666666
556,2024-11,5,304.95000000000005
556,2024-12,2,78.91666666666666
556,2025-01,3,182.25
557,2023-03,1,28.35
557,2024-02,1,85.5
557,2024-06,1,8.466666666666667
557,2024-07,1,71.78333333333333
557,2024-08,2,143.81666666666666
558,2023-01,2,70.14999999999999
558,2023-02,2,161.18333333333334
558,2023-03,5,247.85
558,2023-04,12,829.0666666666667
558,2023-05,2,170.88333333333333
558,2023-06,5,179.61666666666667
558,2023-07,2,32.65
558,2023-08,2,104.93333333333334
558,2023-09,3,131.53333333333333
558,2023-10,4,295.21666666666664
558,2023-11,1,186.45
558,2024-01,1,51.516666666666666
558,2024-02,1,74.0
558,2024-03,2,103.36666666666667
558,2024-04,3,213.21666666666667
558,2024-05,2,56.233333333333334
558,2024-06,9,544.55
558,2024-07,8,407.25
558,2024-08,6,450.54999999999995
558,2024-09,11,682.2833333333333
558,2024-10,12,829.2166666666667
558,2024-11,6,372.15
558,2025-01,3,225.56666666666666
558,2025-02,3,230.61666666666667
559,2023-01,3,181.5
559,2023-02,3,142.71666666666667
559,2023-03,5,226.35
559,2023-04,6,240.13333333333333
559,2023-05,5,257.1
559,2023-06,10,555.7
559,2023-07,9,366.18333333333334
559,2023-08,8,484.03333333333336
559,2023-09,5,432.18333333333334
559,2023-10,2,76.85
559,2023-11,6,729.0
559,2023-12,3,188.78333333333333
559,2024-01,5,220.3
559,2024-02,4,186.63333333333333
559,2024-03,2,54.61666666666667
559,2024-04,1,107.68333333333334
559,2024-05,2,63.983333333333334
559,2024-06,6,263.35
559,2024-07,3,63.65
559,2024-08,5,147.73333333333335
559,2024-09,3,351.8666666666667
559,2024-10,4,242.63333333333333
559,2024-11,1,25.25
559,2024-12,1,49.3
559,2025-01,1,74.61666666666666
560,2023-01,4,171.51666666666668
560,2023-02,5,156.15
560,2023-03,11,800.0
560,2023-04,6,248.15
560,2023-05,6,270.1166666666667
560,2023-06,12,335.96666666666664
560,2023-07,10,594.1166666666667
560,2023-08,9,257.8333333333333
560,2023-09,3,144.06666666666666
560,2023-10,3,152.61666666666667
560,2023-11,6,160.51666666666665
560,2023-12,7,165.78333333333333
560,2024-01,7,332.5833333333333
560,2024-02,4,232.88333333333333
560,2024-03,4,152.55
560,2024-04,1,168.56666666666666
560,2024-05,8,332.51666666666665
560,2024-06,9,535.45
560,2024-07,10,505.03333333333336
560,2024-08,12,479.5333333333333
560,2024-09,4,234.43333333333334
560,2024-10,7,560.2833333333333
560,2024-11,4,288.2
560,2024-12,3,167.88333333333333
560,2025-01,4,118.76666666666665
560,2025-02,3,202.18333333333334
561,2023-04,1,53.3
561,2023-06,1,273.71666666666664
561,2023-07,3,316.68333333333334
561,2024-08,1,2.2333333333333334
562,2024-03,1,49.38333333333333
563,2023-01,3,138.73333333333335
563,2023-02,4,175.93333333333334
563,2023-04,8,205.7
563,2023-05,10,610.5
563,2023-06,4,161.76666666666665
563,2023-07,8,455.51666666666665
563,2023-08,3,132.91666666666666
563,2023-09,6,463.90000000000003
563,2023-10,11,607.55
563,2023-11,8,268.45
563,2023-12,5,263.68333333333334
563,2024-01,9,349.25
563,2024-02,2,112.86666666666667
563,2024-03,4,126.91666666666666
563,2024-04,2,107.25
563,2024-05,6,341.53333333333336
563,2024-06,4,261.23333333333335
563,2024-07,8,467.75
563,2024-08,2,45.1
563,2024-09,4,144.53333333333333
563,2024-10,3,99.68333333333334
563,2024-11,1,64.78333333333333
563,2024-12,3,157.60000000000002
563,2025-01,3,149.06666666666666
657,2023-01,6,314.45
657,2023-02,5,306.8666666666667
657,2023-03,3,127.9
657,2023-04,5,271.3333333333333
657,2023-05,5,192.48333333333335
657,2023-06,5,311.31666666666666
657,2023-07,2,70.01666666666667
657,2023-09,2,33.06666666666666
657,2023-10,5,267.68333333333334
657,2023-11,2,65.33333333333333
657,2023-12,2,48.25
657,2024-01,6,337.3
657,2024-02,3,81.1
657,2024-03,1,62.483333333333334
657,2024-04,3,160.38333333333333
657,2024-05,5,251.11666666666667
657,2024-06,5,441.35
657,2024-07,7,436.68333333333334
657,2024-08,3,133.01666666666668
657,2024-09,4,79.25
657,2024-10,4,130.96666666666667
657,2024-11,3,119.85
657,2024-12,4,160.73333333333335
657,2025-01,4,173.45
657,2025-02,2,56.06666666666666
667,2023-01,5,174.66666666666669
667,2023-02,3,91.45
667,2023-03,2,46.43333333333334
667,2023-04,3,143.96666666666667
667,2023-05,3,104.76666666666667
667,2023-06,2,69.73333333333333
667,2023-07,7,362.76666666666665
667,2023-08,6,170.2
667,2023-09,3,58.266666666666666
667,2023-10,3,177.95
667,2023-11,4,190.86666666666665
667,2023-12,7,324.26666666666665
667,2024-01,3,63.66666666666667
667,2024-02,2,37.5
667,2024-03,1,104.78333333333333
667,2024-04,1,23.0
667,2024-05,5,184.86666666666667
667,2024-06,2,166.23333333333332
667,2024-07,9,290.23333333333335
667,2024-08,10,411.2833333333333
667,2024-09,4,150.41666666666669
667,2024-10,2,126.30000000000001
667,2024-12,3,117.91666666666666
667,2025-01,5,227.06666666666666
669,2023-01,7,261.5
669,2023-02,4,77.13333333333333
669,2023-03,8,257.5333333333333
669,2023-04,5,140.28333333333333
669,2023-05,2,36.8
669,2023-06,1,21.35
669,2023-07,1,27.55
669,2023-10,4,108.68333333333334
669,2023-11,9,201.45
669,2023-12,2,47.0
669,2024-01,1,30.15
669,2024-02,4,160.41666666666666
669,2024-03,1,17.266666666666666
669,2024-05,1,23.583333333333332
669,2024-06,2,114.68333333333334
669,2024-12,5,776.3
669,2025-01,4,486.3666666666667
775,2023-01,5,258.48333333333335
775,2023-02,2,68.58333333333333
775,2023-03,9,198.76666666666665
775,2023-04,4,92.71666666666667
775,2023-05,5,178.16666666666666
775,2023-06,4,113.28333333333333
775,2023-07,12,521.8
775,2023-08,7,238.51666666666665
775,2023-09,2,36.38333333333333
775,2023-10,6,122.91666666666667
775,2023-11,9,424.8166666666667
775,2023-12,8,475.31666666666666
775,2024-01,5,116.76666666666667
775,2024-02,5,100.9
775,2024-03,9,277.6
775,2024-04,3,144.46666666666664
775,2024-05,4,91.28333333333333
775,2024-06,7,352.4
775,2024-07,6,196.03333333333333
775,2024-08,4,101.83333333333333
775,2024-09,3,49.733333333333334
775,2024-12,4,125.38333333333333
775,2025-01,7,186.45
779,2023-01,2,61.75
779,2023-02,9,137.91666666666666
779,2023-03,7,306.0333333333333
779,2023-04,3,136.76666666666665
779,2023-05,9,495.93333333333334
779,2023-06,5,215.11666666666667
779,2023-07,6,405.6666666666667
779,2023-08,5,298.55
779,2023-10,8,284.65
779,2023-11,6,236.11666666666667
779,2023-12,6,203.88333333333333
779,2024-01,5,181.86666666666665
779,2024-02,4,168.73333333333332
779,2024-03,5,138.36666666666667
779,2024-04,6,282.6
779,2024-05,8,352.2833333333333
779,2024-06,8,535.6833333333334
779,2024-07,4,425.3833333333333
779,2024-08,8,323.1333333333333
779,2024-09,19,1192.2
779,2024-10,2,57.96666666666667
779,2024-11,8,240.06666666666666
779,2024-12,6,223.71666666666667
779,2025-01,3,141.71666666666667
782,2023-01,10,331.05
782,2023-02,4,177.66666666666666
782,2023-03,12,419.75
782,2023-04,5,176.13333333333333
782,2023-05,3,88.98333333333333
782,2023-06,15,532.8
782,2023-07,10,269.6
782,2023-08,12,374.23333333333335
782,2023-09,4,141.83333333333334
782,2023-10,3,64.35
782,2023-11,4,117.38333333333334
782,2023-12,4,233.88333333333333
782,2024-01,4,126.93333333333334
782,2024-02,4,150.33333333333334
782,2024-03,5,218.3
782,2024-04,4,107.44999999999999
782,2024-05,2,143.41666666666669
782,2024-06,2,119.70000000000002
782,2024-07,5,138.58333333333334
782,2024-08,7,413.6166666666667
782,2024-09,18,1078.8666666666666
782,2024-10,1,176.35
782,2024-11,9,858.2166666666667
782,2024-12,15,2247.3
782,2025-01,10,1351.5833333333333
782,2025-02,2,224.68333333333334
791,2023-01,6,174.93333333333334
791,2023-02,7,195.76666666666665
791,2023-03,14,469.6166666666667
791,2023-04,6,270.59999999999997
791,2023-05,5,106.11666666666666
791,2023-06,8,233.9
791,2023-07,16,605.85
791,2023-08,4,158.55
791,2023-09,6,241.05
791,2023-10,8,393.5333333333333
791,2023-11,6,307.2
791,2023-12,2,48.35
791,2024-01,2,103.65
791,2024-02,2,31.9
791,2024-03,6,304.55
791,2024-04,2,183.93333333333334
791,2024-05,5,216.96666666666664
791,2024-06,8,486.8833333333333
791,2024-07,14,388.18333333333334
791,2024-08,11,817.6333333333333
791,2024-09,3,150.11666666666667
791,2024-10,4,339.5166666666667
791,2024-11,4,172.46666666666664
791,2024-12,3,147.73333333333335
791,2025-01,22,2097.133333333333
791,2025-02,2,145.25
795,2023-01,1,14.666666666666666
795,2023-02,4,271.73333333333335
795,2023-03,5,228.76666666666668
795,2023-04,4,170.48333333333335
795,2023-05,6,186.53333333333333
795,2023-06,8,258.43333333333334
795,2023-07,5,350.6666666666667
795,2023-08,3,69.25
795,2023-09,6,361.65
795,2023-10,3,137.5
795,2023-11,4,258.1
795,2023-12,3,160.53333333333333
795,2024-01,4,210.95
795,2024-02,4,263.6333333333333
795,2024-03,2,77.06666666666666
795,2024-04,1,24.516666666666666
795,2024-05,3,176.05
795,2024-06,10,401.18333333333334
795,2024-07,8,305.95
795,2024-08,9,280.26666666666665
795,2024-09,7,273.4666666666667
795,2024-10,6,173.78333333333333
795,2024-11,3,153.11666666666667
795,2024-12,8,541.4666666666667
795,2025-01,2,130.8
795,2025-02,1,281.53333333333336
796,2023-01,2,64.78333333333333
796,2023-02,1,23.666666666666668
796,2023-03,3,126.38333333333334
796,2023-04,5,233.1
796,2023-05,3,102.96666666666667
796,2023-06,3,163.76666666666665
796,2023-07,5,240.54999999999998
796,2023-08,6,294.31666666666666
796,2023-09,3,101.38333333333334
796,2023-10,3,176.11666666666667
796,2023-11,3,117.9
796,2023-12,1,16.216666666666665
796,2024-01,1,34.733333333333334
796,2024-02,3,171.46666666666667
796,2024-03,2,47.116666666666674
796,2024-04,2,90.44999999999999
796,2024-05,5,150.15
796,2024-06,5,102.69999999999999
796,2024-07,4,167.03333333333333
796,2024-08,3,158.18333333333334
796,2024-09,10,654.05
796,2024-10,4,332.06666666666666
796,2024-11,6,620.9166666666667
796,2024-12,11,1750.4666666666667
796,2025-01,12,1313.25
796,2025-02,3,180.2
805,2023-01,1,3.1166666666666667
805,2023-02,1,14.3
805,2023-03,1,88.55
805,2023-04,2,19.566666666666666
805,2023-05,1,67.05
805,2023-06,1,72.3
805,2023-07,3,147.7
805,2023-08,3,212.21666666666667
805,2023-10,3,217.25
805,2023-11,3,112.43333333333334
805,2024-01,1,39.43333333333333
805,2024-02,1,113.05
805,2024-06,1,35.61666666666667
805,2024-09,1,172.25
805,2025-01,2,44.233333333333334
805,2025-02,1,35.86666666666667
813,2023-01,11,399.8
813,2023-02,4,168.98333333333332
813,2023-03,8,330.76666666666665
813,2023-04,3,151.4666666666667
813,2023-05,2,51.15
813,2023-06,12,359.18333333333334
813,2023-07,3,88.7
813,2023-08,10,330.68333333333334
813,2023-09,6,229.15
813,2023-10,2,52.81666666666667
813,2023-11,4,107.41666666666667
813,2023-12,6,245.53333333333333
813,2024-01,3,115.51666666666667
813,2024-02,5,212.58333333333331
813,2024-03,5,199.8
813,2024-04,4,104.75
813,2024-05,2,82.45
813,2024-06,2,135.56666666666666
813,2024-07,2,16.166666666666668
813,2024-08,7,431.55
813,2024-09,21,1104.1833333333334
813,2024-10,1,177.13333333333333
813,2024-11,15,1106.6333333333332
813,2024-12,13,2203.6
813,2025-01,11,1404.2833333333333
813,2025-02,1,126.41666666666667
818,2023-01,1,49.4
818,2023-03,3,208.8
818,2023-04,1,28.133333333333333
818,2023-05,1,8.55
818,2023-06,2,66.11666666666667
818,2023-07,5,153.51666666666665
818,2023-08,9,347.95
818,2023-09,5,187.78333333333333
818,2023-10,11,534.3166666666666
818,2023-11,2,64.35
818,2023-12,3,96.21666666666667
818,2024-01,3,85.28333333333333
818,2024-02,6,220.96666666666664
818,2024-03,3,80.2
818,2024-04,4,139.6
818,2024-05,8,408.6666666666667
818,2024-06,11,353.21666666666664
818,2024-07,10,328.28333333333336
818,2024-08,6,358.1
818,2024-09,16,1791.2833333333333
818,2024-11,11,1495.4666666666667
818,2024-12,16,2603.2
818,2025-01,16,2589.233333333333
818,2025-02,4,546.7666666666667
890,2023-01,3,114.45
890,2023-02,3,61.95
890,2023-03,4,147.9
890,2023-04,3,109.35
890,2023-05,3,74.88333333333333
890,2023-06,3,46.88333333333333
890,2023-07,3,184.4
890,2023-11,2,88.41666666666666
890,2024-01,1,33.96666666666667
890,2024-02,3,207.56666666666666
890,2024-03,3,116.06666666666666
890,2024-04,2,185.08333333333334
890,2024-06,2,178.96666666666667
890,2024-08,7,794.1333333333333
890,2024-09,1,42.86666666666667
890,2024-10,1,102.25
890,2024-11,5,370.55
890,2024-12,3,166.7
890,2025-01,3,116.53333333333333
893,2023-07,2,131.5
893,2024-02,1,163.81666666666666
893,2024-03,1,155.5
893,2024-08,1,324.68333333333334
1123,2023-03,2,207.41666666666666
1123,2023-04,1,57.266666666666666
1123,2023-05,1,33.13333333333333
1123,2023-06,2,32.650000000000006
1123,2023-07,4,301.8833333333333
1123,2023-08,2,79.05
1123,2023-09,2,118.66666666666666
1123,2023-10,2,77.25
1123,2023-11,3,185.91666666666666
1123,2023-12,1,15.233333333333333
1123,2024-01,3,131.93333333333334
1123,2024-02,3,284.3
1123,2024-04,3,138.26666666666665
1123,2024-05,1,23.466666666666665
1123,2024-06,3,65.01666666666667
1123,2024-07,3,324.83333333333337
1123,2024-08,1,37.3
1123,2024-09,1,17.566666666666666
1123,2024-11,1,57.31666666666667
1123,2024-12,1,14.783333333333333
1123,2025-01,2,100.4
1152,2023-01,5,272.8333333333333
1152,2023-02,3,104.98333333333333
1152,2023-03,1,42.96666666666667
1152,2023-05,1,102.03333333333333
1152,2023-07,1,25.616666666666667
1152,2023-09,2,34.85
1152,2023-12,1,10.75
1152,2024-02,3,341.35
1152,2024-03,4,117.9
1152,2024-05,1,77.41666666666667
1152,2024-06,1,74.48333333333333
1152,2024-07,9,565.2333333333333
1152,2024-08,1,88.9
1152,2024-10,2,89.25
1152,2024-11,2,99.88333333333334
1152,2024-12,1,65.38333333333334
1176,2023-01,1,27.083333333333332
1176,2023-02,1,72.25
1176,2023-05,2,121.88333333333333
1176,2023-06,1,13.666666666666666
1176,2023-08,6,298.73333333333335
1176,2023-09,7,327.84999999999997
1176,2023-10,4,157.75
1176,2023-11,2,100.55
1176,2024-01,3,127.03333333333332
1176,2024-03,1,59.666666666666664
1176,2024-04,1,6.4
1176,2024-05,1,15.35
1176,2024-06,1,148.01666666666668
1176,2024-07,3,210.73333333333335
1176,2024-08,1,85.36666666666666
1176,2024-09,1,51.31666666666667
1176,2024-10,1,28.716666666666665
1176,2024-11,2,82.0
1176,2024-12,1,56.11666666666667
1176,2025-01,4,200.6
1177,2023-01,1,27.85
1177,2023-05,4,215.93333333333334
1177,2023-08,3,49.61666666666667
1177,2023-09,4,211.76666666666665
1177,2023-11,1,75.2
1177,2024-01,2,104.7
1177,2024-06,1,147.21666666666667
1177,2024-07,1,31.2
1177,2024-09,1,35.5
1177,2024-10,1,28.033333333333335
1177,2024-11,1,41.766666666666666
1177,2024-12,1,55.333333333333336
1177,2025-01,2,82.15
1196,2023-02,5,348.9666666666667
1196,2023-03,2,175.08333333333331
1196,2023-05,2,125.23333333333332
1196,2023-09,1,90.48333333333333
1196,2023-10,2,83.13333333333333
1196,2023-11,2,19.6
1196,2023-12,1,105.96666666666667
1196,2024-02,1,30.5
1196,2024-04,1,21.2
1196,2024-05,1,67.06666666666666
1196,2024-06,2,75.91666666666666
1196,2024-07,2,76.13333333333333
1196,2024-08,6,430.46666666666664
1196,2024-10,1,106.16666666666667
1196,2024-11,2,120.63333333333333
1196,2024-12,2,126.0
1198,2023-06,6,270.4
1198,2023-07,13,877.6333333333333
1198,2023-08,2,96.41666666666667
1198,2023-09,11,756.0666666666666
1198,2023-10,6,333.55
1198,2023-11,4,144.81666666666666
1198,2023-12,2,79.73333333333333
1198,2024-01,2,109.75
1198,2024-02,2,95.03333333333333
1198,2024-03,2,151.93333333333334
1198,2024-04,4,244.83333333333331
1198,2024-05,6,480.8666666666667
1198,2024-06,2,148.66666666666669
1198,2024-07,10,725.4333333333334
1198,2024-08,6,220.89999999999998
1198,2024-09,4,303.3
1198,2024-10,3,286.81666666666666
1198,2024-11,5,224.0
1198,2024-12,1,10.516666666666667
1198,2025-01,3,205.81666666666666
1199,2023-05,1,32.86666666666667
1199,2023-07,1,66.03333333333333
1199,2024-01,1,30.15
1199,2024-03,2,153.05
1199,2024-08,1,161.6
1200,2023-02,3,199.55
1200,2023-05,2,64.86666666666667
1200,2023-06,1,8.65
1200,2023-07,3,151.35
1200,2023-08,1,14.416666666666666
1200,2023-09,1,4.6
1200,2023-10,3,102.10000000000001
1200,2023-11,3,168.75
1200,2024-01,1,38.166666666666664
1200,2024-02,1,84.63333333333334
1200,2024-06,2,141.01666666666665
1200,2024-07,1,220.46666666666667
1200,2024-08,1,84.4
1200,2024-10,1,50.25
1201,2023-11,1,36.81666666666667
1201,2024-02,1,36.35
1203,2023-07,3,160.45000000000002
1203,2024-02,1,70.53333333333333
1203,2024-06,2,173.91666666666666
1203,2024-08,1,35.733333333333334
1205,2023-02,2,138.4
1205,2023-04,4,182.56666666666666
1205,2023-05,7,404.26666666666665
1205,2023-06,4,165.91666666666666
1205,2023-07,13,345.31666666666666
1205,2023-08,3,150.05
1205,2023-09,4,129.68333333333334
1205,2023-10,4,175.85000000000002
1205,2023-11,3,54.03333333333333
1205,2023-12,1,40.81666666666667
1205,2024-01,5,244.1
1205,2024-02,2,96.91666666666666
1205,2024-03,2,212.35000000000002
1205,2024-04,3,587.55
1205,2024-05,4,301.26666666666665
1205,2024-06,4,241.08333333333331
1205,2024-07,4,56.383333333333326
1205,2024-08,5,346.0333333333333
1205,2024-09,6,353.9666666666667
1205,2024-10,5,327.1333333333333
1205,2024-11,2,17.03333333333333
1205,2024-12,6,522.1333333333333
1205,2025-02,1,48.166666666666664
1212,2023-03,2,135.4
1213,2023-03,1,68.0
1213,2023-04,1,49.85
1213,2023-07,1,34.0
1213,2023-08,1,19.633333333333333
1213,2023-11,1,58.8
1213,2024-02,1,121.76666666666667
1213,2024-06,1,80.56666666666666
1213,2024-07,2,151.18333333333334
1214,2023-03,1,105.61666666666666
1214,2024-07,1,73.51666666666667
1215,2023-03,2,398.75
1215,2023-07,1,65.53333333333333
1215,2024-02,2,266.8666666666667
1215,2024-07,1,49.61666666666667
1215,2024-08,1,18.816666666666666
1216,2023-01,3,85.88333333333333
1216,2023-02,2,48.13333333333334
1216,2023-04,3,108.31666666666666
1216,2023-05,2,46.4
1216,2023-06,3,70.88333333333334
1216,2023-07,3,95.43333333333334
1216,2023-08,4,111.13333333333333
1216,2023-09,7,176.31666666666666
1216,2023-10,1,26.75
1216,2023-11,4,258.55
1216,2024-01,1,45.96666666666667
1216,2024-03,5,232.56666666666666
1216,2024-04,1,174.48333333333332
1216,2024-05,4,124.01666666666667
1216,2024-06,11,627.85
1216,2024-07,12,951.05
1216,2024-08,7,490.5333333333333
1216,2024-09,7,378.28333333333336
1216,2024-10,6,232.73333333333332
1216,2024-11,3,177.26666666666665
1216,2024-12,1,23.2
1216,2025-01,2,72.76666666666667
1216,2025-02,1,17.816666666666666
1219,2023-02,6,110.5
1219,2023-03,2,89.91666666666667
1219,2023-04,2,108.73333333333332
1219,2023-05,2,128.81666666666666
1219,2023-06,3,89.28333333333333
1219,2023-07,4,270.05
1219,2023-09,1,53.95
1219,2023-10,6,379.25
1219,2023-11,4,188.33333333333331
1219,2023-12,3,80.9
1219,2024-01,1,6.133333333333334
1219,2024-02,4,210.75
1219,2024-03,2,145.35
1219,2024-04,1,22.1
1219,2024-05,3,249.53333333333333
1219,2024-06,5,533.5666666666667
1219,2024-07,6,283.58333333333337
1219,2024-08,6,456.55
1219,2024-11,3,60.400000000000006
1219,2024-12,2,32.5
1219,2025-01,1,71.63333333333334
1219,2025-02,1,22.866666666666667
1264,2023-01,3,202.25
1264,2023-03,5,271.6166666666667
1264,2023-04,7,228.8
1264,2023-05,5,220.25
1264,2023-06,12,504.6666666666667
1264,2023-07,12,818.5666666666667
1264,2023-08,1,50.85
1264,2023-09,5,327.18333333333334
1264,2023-10,2,86.81666666666666
1264,2023-11,2,108.95
1264,2023-12,2,83.05
1264,2024-01,1,20.833333333333332
1264,2024-02,2,188.76666666666665
1264,2024-03,5,323.7833333333333
1264,2024-04,3,244.75
1264,2024-05,2,51.68333333333333
1264,2024-06,1,30.766666666666666
1264,2024-07,1,1.5333333333333334
1264,2024-08,6,186.15
1264,2024-09,1,57.78333333333333
1264,2024-10,4,206.85
1264,2024-11,4,186.35
1264,2024-12,1,22.466666666666665
1264,2025-01,2,208.10000000000002
1264,2025-02,1,45.75
1265,2023-01,1,16.6
1265,2023-02,6,182.36666666666667
1265,2023-03,8,214.33333333333334
1265,2023-04,4,125.98333333333333
1265,2023-05,3,98.05000000000001
1265,2023-06,8,215.28333333333333
1265,2023-07,5,123.2
1265,2023-08,3,86.91666666666666
1265,2023-09,3,92.73333333333333
1265,2023-10,5,185.21666666666667
1265,2023-11,3,71.25
1265,2023-12,3,92.58333333333334
1265,2024-01,1,31.5
1265,2024-02,2,59.0
1265,2024-03,1,66.5
1265,2024-05,2,41.78333333333333
1265,2024-06,12,365.1333333333333
1265,2024-07,4,122.38333333333333
1265,2024-08,4,264.1166666666667
1265,2024-09,6,204.36666666666667
1265,2024-10,1,54.43333333333333
1265,2024-11,2,60.33333333333333
1265,2024-12,4,242.51666666666665
1265,2025-01,5,151.48333333333335
1266,2024-02,1,79.4
1266,2024-07,1,72.2
1266,2024-08,2,148.96666666666667
1267,2023-01,2,104.15
1267,2023-02,4,89.7
1267,2023-03,3,170.35
1267,2023-04,1,38.0
1267,2023-05,1,48.9
1267,2023-06,6,331.95000000000005
1267,2023-07,3,424.06666666666666
1267,2023-08,3,75.25
1267,2023-11,3,212.46666666666667
1267,2023-12,1,38.43333333333333
1267,2024-01,2,112.1
1267,2024-02,4,290.3333333333333
1267,2024-03,8,454.5833333333333
1267,2024-06,5,379.8333333333333
1267,2024-07,1,71.18333333333334
1267,2024-08,3,173.61666666666667
1267,2024-09,3,218.63333333333333
1267,2024-10,1,3.783333333333333
1267,2024-11,5,212.76666666666668
1267,2024-12,3,226.58333333333331
1267,2025-01,2,143.75
1267,2025-02,1,24.933333333333334
1269,2023-01,2,79.30000000000001
1269,2023-02,3,103.96666666666667
1269,2023-03,6,219.85000000000002
1269,2023-05,4,138.98333333333335
1269,2023-06,6,298.43333333333334
1269,2023-07,9,202.85
1269,2023-08,5,120.81666666666666
1269,2023-09,6,264.65
1269,2023-10,3,136.38333333333333
1269,2023-11,5,169.78333333333333
1269,2023-12,7,250.68333333333334
1269,2024-01,4,189.8
1269,2024-02,3,110.0
1269,2024-03,6,286.7
1269,2024-04,4,201.35
1269,2024-05,2,63.28333333333333
1269,2024-06,7,402.3666666666667
1269,2024-07,10,408.9
1269,2024-08,4,163.71666666666664
1269,2024-09,4,195.91666666666666
1269,2024-10,4,136.71666666666667
1269,2024-11,1,13.75
1269,2024-12,1,11.566666666666666
1269,2025-01,1,50.28333333333333
1295,2023-06,1,14.65
1295,2023-07,4,150.78333333333333
1295,2023-08,2,51.3
1295,2023-09,2,156.2
1295,2023-10,2,36.88333333333333
1295,2023-11,1,34.483333333333334
1295,2023-12,2,46.93333333333334
1295,2024-01,2,137.15
1295,2024-02,1,12.65
1295,2024-03,2,41.166666666666664
1295,2024-04,1,25.516666666666666
1295,2024-06,3,186.36666666666667
1295,2024-07,3,122.39999999999999
1295,2024-08,3,64.95
1295,2024-09,1,32.333333333333336
1295,2024-10,2,147.21666666666667
1295,2025-01,3,41.68333333333333
2012,2023-03,3,84.23333333333332
2012,2023-05,2,138.0
2012,2023-06,1,21.816666666666666
2012,2023-07,1,67.86666666666666
2012,2023-08,1,51.36666666666667
2012,2023-09,1,110.46666666666667
2012,2023-11,1,43.65
2012,2023-12,2,173.95000000000002
2012,2024-01,2,33.93333333333334
2012,2024-03,1,63.983333333333334
2012,2024-04,1,29.183333333333334
2012,2024-06,1,18.283333333333335
2012,2024-07,1,32.11666666666667
2012,2024-08,2,56.0
2012,2024-11,1,17.666666666666668
2012,2024-12,1,23.533333333333335
2018,2023-01,4,106.61666666666667
2018,2023-02,3,94.18333333333334
2018,2023-03,3,130.1
2018,2023-04,4,86.78333333333333
2018,2023-05,5,208.93333333333334
2018,2023-06,8,299.0333333333333
2018,2023-07,3,56.35
2018,2023-08,8,217.26666666666665
2018,2023-09,7,209.01666666666668
2018,2023-10,6,412.65
2018,2023-11,7,173.28333333333333
2018,2023-12,9,364.65
2018,2024-01,7,338.55
2018,2024-02,5,169.13333333333333
2018,2024-03,2,28.1
2018,2024-04,4,86.18333333333334
2018,2024-05,3,70.06666666666666
2018,2024-06,5,352.7
2018,2024-07,5,376.23333333333335
2018,2024-08,2,151.78333333333333
2018,2024-09,13,858.4833333333333
2018,2024-10,6,275.8
2018,2024-11,2,59.36666666666667
2018,2024-12,12,1731.7833333333333
2018,2025-01,12,1122.9
2018,2025-02,1,93.53333333333333
2019,2023-01,4,195.36666666666667
2019,2023-02,8,299.81666666666666
2019,2023-03,3,179.73333333333332
2019,2023-04,1,21.366666666666667
2019,2023-05,2,47.1
2019,2023-06,6,271.3
2019,2023-07,9,582.5666666666667
2019,2023-08,7,302.48333333333335
2019,2023-09,5,290.23333333333335
2019,2023-10,9,775.7166666666667
2019,2023-11,3,179.26666666666665
2019,2023-12,3,194.4
2019,2024-01,3,102.18333333333334
2019,2024-02,3,77.85
2019,2024-03,6,248.18333333333334
2019,2024-04,2,107.33333333333333
2019,2024-05,4,93.0
2019,2024-06,1,19.333333333333332
2019,2024-07,3,158.4
2019,2024-08,9,371.01666666666665
2019,2024-09,4,310.71666666666664
2019,2024-10,2,149.66666666666666
2019,2024-11,1,86.2
2019,2024-12,3,161.96666666666667
2019,2025-01,2,47.35
2021,2023-01,1,66.11666666666666
2021,2023-02,1,63.666666666666664
2021,2023-03,4,156.3
2021,2023-04,3,87.19999999999999
2021,2023-05,1,8.75
2021,2023-06,11,463.23333333333335
2021,2023-07,3,113.73333333333333
2021,2023-08,2,181.63333333333333
2021,2023-09,4,281.25
2021,2023-10,4,147.83333333333334
2021,2023-11,3,70.15
2021,2023-12,3,167.36666666666667
2021,2024-02,3,89.01666666666667
2021,2024-03,2,186.63333333333333
2021,2024-04,1,19.716666666666665
2021,2024-05,2,98.9
2021,2024-06,1,24.216666666666665
2021,2024-07,3,112.03333333333333
2021,2024-08,6,496.65
2021,2024-09,14,1360.5333333333333
2021,2024-10,4,290.45000000000005
2021,2024-11,7,662.2833333333333
2021,2024-12,11,1203.7333333333333
2021,2025-01,11,1170.3
2021,2025-02,1,127.51666666666667
2023,2023-01,12,862.0666666666666
2023,2023-02,4,123.46666666666667
2023,2023-04,2,33.55
2023,2023-05,13,492.15
2023,2023-06,6,322.05
2023,2023-07,11,817.4166666666666
2023,2023-08,8,396.95
2023,2023-09,7,367.4666666666667
2023,2023-11,2,265.78333333333336
2023,2023-12,11,422.91666666666663
2023,2024-02,3,199.31666666666666
2023,2024-03,1,136.98333333333332
2023,2024-04,3,331.81666666666666
2023,2024-05,4,104.51666666666667
2023,2024-06,4,251.36666666666667
2023,2024-07,5,370.31666666666666
2023,2024-08,11,934.2
2023,2024-09,8,301.0333333333333
2023,2024-10,10,551.0
2023,2024-11,9,583.3
2023,2024-12,6,340.1166666666667
2023,2025-01,2,302.5333333333333
2024,2023-01,4,235.78333333333333
2024,2023-02,2,81.73333333333333
2024,2023-03,4,165.08333333333331
2024,2023-05,4,145.5
2024,2023-06,2,189.16666666666666
2024,2023-08,2,104.94999999999999
2024,2023-09,5,309.95
2024,2023-10,2,128.03333333333333
2024,2023-11,4,253.98333333333335
2024,2023-12,5,227.18333333333334
2024,2024-01,4,224.63333333333333
2024,2024-02,2,168.38333333333333
2024,2024-03,3,120.11666666666667
2024,2024-04,7,407.35
2024,2024-05,2,78.75
2024,2024-06,5,245.23333333333335
2024,2024-07,4,292.65
2024,2024-08,4,179.85000000000002
2024,2024-09,11,618.0666666666666
2024,2024-10,10,634.7666666666667
2024,2024-11,3,93.53333333333333
2024,2024-12,5,94.51666666666667
2024,2025-01,4,142.86666666666667
2024,2025-02,1,34.28333333333333
2030,2023-01,6,92.35
2030,2023-02,4,232.2
2030,2023-03,3,57.75
2030,2023-04,3,247.31666666666666
2030,2023-05,8,425.1166666666667
2030,2023-06,9,638.5833333333334
2030,2023-07,10,737.3666666666667
2030,2023-08,12,612.4166666666666
2030,2023-09,10,566.7666666666667
2030,2023-10,7,561.55
2030,2023-11,5,244.63333333333333
2030,2023-12,2,91.15
2030,2024-01,8,500.9666666666667
2030,2024-02,1,94.3
2030,2024-03,6,686.8166666666667
2030,2024-04,5,200.95
2030,2024-05,3,220.79999999999998
2030,2024-06,4,270.15
2030,2024-07,4,237.73333333333332
2030,2024-08,15,1139.4833333333333
2030,2024-09,12,1053.4166666666667
2030,2024-10,10,924.6333333333333
2030,2024-11,10,894.5666666666666
2030,2024-12,8,822.85
2030,2025-01,11,1055.65
2034,2023-02,6,254.6
2034,2023-03,3,120.15
2034,2023-04,3,192.28333333333336
2034,2023-05,5,141.41666666666666
2034,2023-06,5,155.93333333333334
2034,2023-07,8,296.6333333333333
2034,2023-08,4,212.23333333333335
2034,2023-09,4,359.34999999999997
2034,2023-10,4,180.66666666666666
2034,2023-11,4,209.3
2034,2024-01,2,141.21666666666667
2034,2024-02,7,370.81666666666666
2034,2024-03,3,114.48333333333333
2034,2024-04,3,308.03333333333336
2034,2024-05,2,445.2833333333333
2034,2024-06,3,146.5
2034,2024-07,2,62.233333333333334
2034,2024-08,3,423.26666666666665
2034,2024-09,2,61.11666666666667
2034,2024-10,1,29.416666666666668
2034,2024-11,3,46.416666666666664
2034,2024-12,2,213.43333333333334
2034,2025-01,4,477.6333333333333
2035,2023-01,3,253.43333333333334
2035,2023-02,6,226.11666666666667
2035,2023-03,3,396.8
2035,2023-04,1,47.85
2035,2023-05,2,177.08333333333331
2035,2023-06,4,272.68333333333334
2035,2023-07,4,94.75
2035,2023-08,5,331.2833333333333
2035,2023-09,1,31.983333333333334
2035,2023-10,2,44.8
2035,2023-11,5,295.9
2035,2023-12,2,119.98333333333332
2035,2024-01,3,110.38333333333333
2035,2024-02,3,469.8
2035,2024-03,3,79.9
2035,2024-04,3,531.9833333333333
2035,2024-05,3,161.98333333333332
2035,2024-06,9,783.75
2035,2024-07,10,436.0
2035,2024-08,9,863.0333333333333
2035,2024-09,4,251.10000000000002
2035,2024-10,5,271.6333333333333
2035,2024-11,8,286.9
2035,2024-12,6,329.15000000000003
2035,2025-01,6,541.8333333333334
2041,2023-02,3,42.71666666666667
2041,2023-03,3,118.25
2041,2023-04,4,147.98333333333335
2041,2023-05,3,103.01666666666667
2041,2023-06,3,60.416666666666664
2041,2023-07,5,129.03333333333333
2041,2023-08,4,30.566666666666666
2041,2023-09,1,28.333333333333332
2041,2023-10,2,146.05
2041,2023-11,1,8.233333333333333
2041,2023-12,3,152.73333333333332
2041,2024-01,5,436.9
2041,2024-02,5,151.9333333333333
2041,2024-03,1,49.233333333333334
2041,2024-04,2,74.16666666666667
2041,2024-06,1,69.93333333333334
2041,2024-08,3,215.46666666666667
2041,2024-09,1,73.45
2041,2024-10,1,128.56666666666666
2041,2024-12,1,14.416666666666666
2041,2025-01,1,65.21666666666667
2047,2023-01,2,56.63333333333333
2047,2023-02,3,194.58333333333331
2047,2023-03,3,209.9
2047,2023-05,3,81.51666666666667
2047,2023-06,2,92.63333333333334
2047,2023-07,1,86.15
2047,2023-09,2,41.666666666666664
2047,2023-11,3,48.68333333333334
2047,2023-12,1,257.28333333333336
2047,2024-02,1,61.266666666666666
2047,2024-04,3,146.43333333333334
2047,2024-05,4,106.05
2047,2024-06,2,88.01666666666667
2047,2024-07,3,68.8
2047,2024-08,5,294.7
2047,2024-09,6,382.98333333333335
2047,2024-10,6,389.06666666666666
2047,2024-11,9,846.6
2047,2024-12,6,603.7833333333333
2047,2025-01,9,883.6666666666666
2053,2023-11,2,101.1
2053,2024-02,1,250.83333333333334
2053,2024-07,1,92.0
2053,2024-08,1,184.75
2073,2023-01,3,232.03333333333336
2073,2023-02,3,76.8
2073,2023-03,3,85.56666666666666
2073,2023-05,2,34.63333333333333
2073,2023-06,4,285.75
2073,2023-10,2,203.35
2073,2023-12,3,120.4
2073,2024-01,2,139.46666666666667
2073,2024-02,8,693.0833333333334
2073,2024-03,3,198.93333333333334
2073,2024-05,3,100.73333333333333
2073,2024-06,2,234.5
2073,2024-07,8,514.6833333333333
2073,2024-08,7,918.0833333333333
2073,2024-09,4,316.1
2073,2024-10,2,19.15
2073,2024-11,3,67.91666666666667
2073,2024-12,2,127.43333333333334
2073,2025-01,6,223.48333333333332
2073,2025-02,2,213.9
2083,2023-01,1,41.166666666666664
2083,2023-02,2,222.15
2083,2023-03,2,95.58333333333333
2083,2023-04,3,136.11666666666667
2083,2023-06,1,9.35
2083,2023-08,1,15.05
2083,2023-09,1,139.66666666666666
2083,2023-11,1,47.4
2083,2023-12,1,121.13333333333334
2083,2024-02,2,207.15
2083,2024-03,1,104.55
2083,2024-04,2,482.98333333333335
2083,2024-05,1,42.3
2083,2024-06,1,60.75
2083,2024-07,3,170.28333333333333
2083,2024-08,3,177.33333333333331
2083,2024-11,1,27.7
2083,2024-12,1,55.266666666666666
2083,2025-01,2,102.06666666666666
2084,2023-01,2,57.46666666666666
2084,2023-02,1,38.016666666666666
2084,2023-03,3,247.46666666666667
2084,2023-04,2,79.73333333333333
2084,2023-06,2,86.01666666666667
2084,2023-07,6,300.7
2084,2023-08,1,23.466666666666665
2084,2023-09,2,67.21666666666667
2084,2023-11,1,23.783333333333335
2084,2023-12,1,17.633333333333333
2084,2024-01,2,156.0
2084,2024-02,4,496.3666666666667
2084,2024-03,2,27.116666666666667
2084,2024-04,1,191.33333333333334
2084,2024-06,8,525.6666666666666
2084,2024-07,5,274.95
2084,2024-08,4,705.05
2084,2024-09,3,178.79999999999998
2084,2024-10,4,143.03333333333333
2084,2024-11,2,57.766666666666666
2084,2024-12,2,243.26666666666668
2084,2025-01,3,110.36666666666666
2094,2023-01,2,75.36666666666666
2094,2023-02,5,155.1
2094,2023-03,1,27.55
2094,2023-05,4,161.33333333333334
2094,2023-06,7,133.03333333333333
2094,2023-07,4,178.33333333333334
2094,2023-08,8,370.85
2094,2023-09,1,14.25
2094,2023-10,3,191.56666666666666
2094,2023-11,4,291.2
2094,2023-12,4,106.18333333333332
2094,2024-01,3,277.05
2094,2024-02,6,274.48333333333335
2094,2024-03,2,29.700000000000003
2094,2024-04,5,124.06666666666666
2094,2024-06,2,127.93333333333334
2094,2024-07,4,158.53333333333333
2094,2024-08,4,43.483333333333334
2094,2024-09,2,49.266666666666666
2094,2024-10,3,70.63333333333334
2094,2024-11,6,256.4
2094,2024-12,3,174.9
2094,2025-01,2,139.51666666666668
2097,2023-07,1,30.566666666666666
2097,2023-11,2,239.06666666666666
2097,2024-02,1,44.583333333333336
2099,2023-04,1,96.03333333333333
2099,2023-05,2,37.4
2099,2023-06,4,86.7
2099,2023-09,1,100.73333333333333
2099,2023-10,1,19.6
2099,2023-12,1,39.083333333333336
2099,2024-01,1,20.583333333333332
2099,2024-02,3,123.53333333333333
2099,2024-03,1,102.78333333333333
2099,2024-05,2,50.483333333333334
2099,2024-08,1,23.083333333333332
2099,2024-11,1,43.516666666666666
2099,2024-12,5,474.91666666666663
2099,2025-01,2,203.0
2099,2025-02,1,22.633333333333333
2100,2023-01,5,175.46666666666667
2100,2023-02,1,22.266666666666666
2100,2023-03,1,17.816666666666666
2100,2023-04,4,167.18333333333334
2100,2023-05,2,84.08333333333334
2100,2023-06,1,27.083333333333332
2100,2023-07,5,205.13333333333333
2100,2023-09,3,157.01666666666665
2100,2023-10,7,202.65
2100,2023-12,4,216.21666666666667
2100,2024-01,3,90.8
2100,2024-02,4,419.28333333333336
2100,2024-03,2,76.80000000000001
2100,2024-04,5,134.98333333333335
2100,2024-05,4,271.16666666666663
2100,2024-06,5,153.68333333333334
2100,2024-07,6,317.3833333333333
2100,2024-08,6,258.46666666666664
2100,2024-09,2,142.98333333333332
2100,2024-10,3,150.98333333333332
2100,2024-11,3,158.56666666666666
2100,2024-12,4,71.78333333333333
2100,2025-01,3,153.65
2100,2025-02,1,23.733333333333334
2101,2023-02,3,88.80000000000001
2101,2023-03,1,40.38333333333333
2101,2023-04,1,49.233333333333334
2101,2023-05,5,225.91666666666669
2101,2023-06,7,468.3666666666667
2101,2023-07,6,358.23333333333335
2101,2023-08,5,180.01666666666665
2101,2023-09,7,410.53333333333336
2101,2023-10,3,189.21666666666667
2101,2023-11,6,302.8333333333333
2101,2023-12,6,538.25
2101,2024-01,9,538.7333333333333
2101,2024-03,4,134.36666666666667
2101,2024-05,1,51.85
2101,2024-06,5,494.6
2101,2024-07,5,383.8833333333333
2101,2024-08,7,518.0833333333333
2101,2024-09,5,336.98333333333335
2101,2024-10,4,270.7
2101,2024-11,4,199.25
2101,2024-12,11,653.3666666666667
2101,2025-01,1,80.46666666666667
2113,2023-01,2,63.81666666666667
2113,2023-02,4,91.06666666666668
2113,2023-03,3,271.71666666666664
2113,2023-05,6,226.33333333333334
2113,2023-06,11,479.3333333333333
2113,2023-07,8,371.48333333333335
2113,2023-08,8,482.90000000000003
2113,2023-09,3,64.3
2113,2023-10,5,176.71666666666667
2113,2023-11,4,200.13333333333333
2113,2023-12,4,458.65
2113,2024-01,6,236.14999999999998
2113,2024-02,8,490.68333333333334
2113,2024-03,4,266.8833333333333
2113,2024-04,4,252.53333333333333
2113,2024-05,1,101.31666666666666
2113,2024-06,9,719.0833333333334
2113,2024-07,6,201.7
2113,2024-08,4,68.68333333333334
2113,2024-09,3,201.33333333333331
2113,2024-10,5,191.98333333333335
2113,2024-11,7,286.81666666666666
2113,2024-12,4,292.3666666666667
2113,2025-01,4,296.31666666666666
2113,2025-02,1,80.05
2120,2023-01,1,68.2
2120,2023-02,3,64.76666666666667
2120,2023-06,1,0.8666666666666667
2120,2023-07,1,29.533333333333335
2120,2023-10,1,16.25
2120,2023-11,2,52.71666666666667
2120,2023-12,6,346.46666666666664
2120,2024-01,2,79.35
2120,2024-05,3,203.5
2120,2024-06,1,46.36666666666667
2120,2024-07,1,112.66666666666667
2120,2024-12,1,33.28333333333333
2120,2025-01,2,184.63333333333335
2124,2023-01,1,40.4
2124,2023-03,1,50.95
2124,2023-04,1,40.666666666666664
2124,2023-05,2,128.6
2124,2023-06,3,70.91666666666667
2124,2023-09,2,43.416666666666664
2124,2023-10,1,123.0
2124,2023-11,3,189.55
2124,2023-12,1,82.46666666666667
2124,2024-01,2,132.05
2124,2024-02,2,71.13333333333333
2124,2024-03,5,160.68333333333334
2124,2024-04,1,30.783333333333335
2124,2024-05,11,451.6
2124,2024-06,2,68.0
2124,2024-07,2,99.26666666666667
2124,2024-08,11,548.3333333333334
2124,2024-09,3,73.6
2124,2024-10,1,43.28333333333333
2124,2024-11,3,160.63333333333333
2124,2025-01,1,14.133333333333333
2139,2023-01,8,370.71666666666664
2139,2023-02,4,149.06666666666666
2139,2023-03,4,136.78333333333333
2139,2023-04,3,110.63333333333333
2139,2023-06,6,132.18333333333334
2139,2023-07,7,263.2
2139,2023-08,6,381.3833333333333
2139,2023-09,2,83.96666666666667
2139,2023-10,3,127.11666666666666
2139,2023-11,2,115.28333333333333
2139,2023-12,2,39.38333333333333
2139,2024-01,3,68.28333333333333
2139,2024-02,2,266.5333333333333
2139,2024-03,3,188.15
2139,2024-04,4,432.98333333333335
2139,2024-05,3,117.14999999999999
2139,2024-06,6,604.15
2139,2024-07,6,471.95
2139,2024-08,4,634.7
2139,2024-09,1,57.233333333333334
2139,2024-11,5,323.81666666666666
2139,2024-12,3,90.48333333333333
2139,2025-02,3,215.23333333333332
2156,2023-01,4,137.21666666666667
2156,2023-03,3,274.93333333333334
2156,2023-04,5,180.8
2156,2023-05,4,238.2
2156,2023-06,5,275.9666666666667
2156,2023-07,4,502.75
2156,2023-08,5,375.6
2156,2023-09,4,134.25
2156,2023-10,1,38.0
2156,2023-11,2,121.96666666666667
2156,2023-12,2,97.9
2156,2024-01,2,35.11666666666667
2156,2024-02,1,47.61666666666667
2156,2024-03,1,21.333333333333332
2156,2024-06,2,49.03333333333333
2156,2024-08,3,258.8
2156,2024-09,2,108.4
2156,2024-10,1,173.35
2156,2024-11,4,210.46666666666667
2156,2024-12,1,19.766666666666666
2156,2025-01,1,3.95
3016,2023-01,1,33.483333333333334
3016,2023-03,2,115.93333333333332
3016,2023-04,2,37.0
3016,2023-05,3,67.68333333333334
3016,2023-06,3,129.28333333333333
3016,2023-07,8,376.5333333333333
3016,2023-08,2,92.7
3016,2023-09,5,353.25
3016,2023-10,5,258.4166666666667
3016,2023-11,4,193.15
3016,2023-12,3,84.85
3016,2024-01,12,459.8666666666667
3016,2024-02,2,289.7
3016,2024-03,2,71.5
3016,2024-04,4,294.21666666666664
3016,2024-05,4,108.63333333333333
3016,2024-06,7,275.76666666666665
3016,2024-07,11,784.1
3016,2024-08,10,867.8333333333334
3016,2024-09,4,191.91666666666669
3016,2024-10,1,73.15
3016,2024-11,1,43.233333333333334
3016,2024-12,4,208.88333333333333
3016,2025-01,1,92.31666666666666
3017,2024-02,1,116.71666666666667
3017,2024-03,1,66.91666666666667
3053,2023-01,2,55.36666666666667
3053,2023-02,3,122.63333333333334
3053,2023-03,1,80.28333333333333
3053,2023-04,1,55.05
3053,2023-05,5,198.4
3053,2023-06,3,144.71666666666667
3053,2023-07,2,55.58333333333333
3053,2023-08,4,298.9
3053,2023-09,2,40.9
3053,2023-10,3,84.71666666666667
3053,2023-11,1,142.75
3053,2023-12,2,66.81666666666666
3053,2024-01,8,1197.75
3053,2024-02,1,39.416666666666664
3053,2024-03,4,215.96666666666667
3053,2024-05,2,213.91666666666666
3053,2024-06,1,167.3
3053,2024-07,6,230.33333333333331
3053,2024-08,7,498.2
3053,2024-09,3,257.81666666666666
3053,2024-10,4,88.35
3053,2024-11,1,51.3
3053,2025-02,1,20.666666666666668
3103,2023-01,8,608.7666666666667
3103,2023-02,4,191.9
3103,2023-03,3,245.35000000000002
3103,2023-04,1,41.18333333333333
3103,2023-05,2,230.28333333333336
3103,2023-06,5,213.8
3103,2023-07,8,409.16666666666663
3103,2023-08,1,39.983333333333334
3103,2023-10,1,22.016666666666666
3103,2023-12,3,144.98333333333332
3103,2024-01,1,82.9
3103,2024-03,2,86.68333333333334
3103,2024-04,1,52.88333333333333
3103,2024-07,2,245.41666666666669
3103,2024-08,1,199.36666666666667
3103,2024-09,2,156.46666666666664
3103,2024-11,2,152.85
3103,2024-12,3,274.73333333333335
3103,2025-02,2,143.55
3107,2023-01,2,90.53333333333333
3107,2023-02,2,48.71666666666666
3107,2023-03,4,214.83333333333334
3107,2023-04,5,92.06666666666666
3107,2023-05,8,388.3666666666667
3107,2023-06,11,427.6
3107,2023-07,6,295.26666666666665
3107,2023-08,3,186.35
3107,2023-09,3,172.66666666666666
3107,2023-10,7,270.48333333333335
3107,2023-11,2,192.31666666666666
3107,2023-12,3,97.26666666666667
3107,2024-01,3,144.45
3107,2024-02,6,353.56666666666666
3107,2024-03,7,203.13333333333333
3107,2024-04,4,324.3666666666667
3107,2024-05,7,407.25
3107,2024-06,11,799.9166666666667
3107,2024-07,15,919.3833333333333
3107,2024-08,8,373.75
3107,2024-09,9,246.9
3107,2024-10,4,188.33333333333331
3107,2024-12,7,250.9
3107,2025-01,9,826.7166666666667
3107,2025-02,2,112.13333333333333
3108,2023-01,2,101.38333333333333
3108,2023-02,2,101.6
3108,2023-03,3,146.03333333333333
3108,2023-04,5,319.8833333333333
3108,2023-05,5,263.1166666666667
3108,2023-06,6,294.78333333333336
3108,2023-07,1,36.416666666666664
3108,2023-09,2,55.900000000000006
3108,2023-10,1,54.81666666666667
3108,2023-11,1,142.05
3108,2023-12,4,147.41666666666666
3108,2024-02,6,353.7
3108,2024-03,5,288.06666666666666
3108,2024-04,3,284.75
3108,2024-05,5,359.03333333333336
3108,2024-06,9,527.05
3108,2024-07,12,869.35
3108,2024-08,6,370.85
3108,2024-09,6,88.66666666666667
3108,2024-10,4,177.46666666666667
3108,2024-11,2,62.53333333333333
3108,2024-12,3,135.23333333333332
3108,2025-01,8,436.4
3108,2025-02,1,97.2
3118,2023-01,4,142.61666666666667
3118,2023-02,7,502.31666666666666
3118,2023-03,2,109.0
3118,2023-04,1,30.1
3118,2023-05,1,41.93333333333333
3118,2023-07,4,154.4
3118,2023-08,3,96.01666666666667
3118,2023-09,4,135.01666666666665
3118,2023-10,4,183.85
3118,2023-11,3,141.56666666666666
3118,2024-01,4,344.4166666666667
3118,2024-02,6,244.71666666666667
3118,2024-03,1,22.883333333333333
3118,2024-04,1,36.65
3118,2024-05,3,101.18333333333332
3118,2024-07,5,865.0833333333334
3118,2024-08,9,598.5
3118,2024-09,1,39.4
3118,2024-11,2,272.31666666666666
3118,2024-12,3,106.44999999999999
3118,2025-01,1,49.46666666666667
3146,2023-02,1,36.016666666666666
3146,2023-03,1,34.983333333333334
3146,2023-05,2,88.55
3146,2023-06,3,52.76666666666667
3146,2023-07,3,101.38333333333333
3146,2023-08,3,139.25
3146,2023-09,3,128.08333333333334
3146,2023-10,2,82.63333333333333
3146,2023-11,3,65.08333333333334
3146,2023-12,2,69.63333333333334
3146,2024-02,2,401.6666666666667
3146,2024-03,4,111.41666666666666
3146,2024-05,4,130.66666666666666
3146,2024-06,2,38.8
3146,2024-07,5,236.91666666666666
3146,2024-08,6,331.18333333333334
3146,2024-09,2,68.1
3146,2024-10,2,146.53333333333333
3146,2024-11,4,129.86666666666667
3146,2024-12,2,254.89999999999998
3157,2023-01,5,229.73333333333335
3157,2023-02,2,174.71666666666667
3157,2023-03,6,230.15
3157,2023-04,1,68.35
3157,2023-05,4,144.68333333333334
3157,2023-06,7,375.06666666666666
3157,2023-07,5,237.28333333333333
3157,2023-08,12,301.4166666666667
3157,2023-09,6,148.21666666666667
3157,2023-10,1,22.283333333333335
3157,2023-11,1,61.833333333333336
3157,2023-12,1,22.216666666666665
3157,2024-01,3,151.76666666666668
3157,2024-02,1,62.61666666666667
3157,2024-03,2,33.483333333333334
3157,2024-04,5,171.06666666666666
3157,2024-05,5,176.38333333333333
3157,2024-08,1,92.86666666666666
3162,2024-07,1,207.7
3168,2023-03,1,43.45
3168,2023-05,1,0.06666666666666667
3168,2023-06,3,103.15
3168,2023-07,7,326.3333333333333
3168,2023-08,10,526.7166666666666
3168,2023-09,14,790.9833333333333
3168,2023-10,7,350.51666666666665
3168,2023-11,2,128.1
3168,2023-12,2,60.68333333333333
3168,2024-01,1,133.36666666666667
3168,2024-02,2,103.68333333333334
3168,2024-03,2,122.86666666666666
3168,2024-04,4,112.88333333333334
3168,2024-05,3,150.18333333333334
3168,2024-06,3,139.58333333333334
3168,2024-07,11,798.0833333333334
3168,2024-08,10,895.5
3168,2024-09,11,853.8333333333333
3168,2024-10,8,530.5666666666666
3168,2024-11,11,1035.7333333333333
3168,2024-12,7,709.2833333333333
3168,2025-01,11,947.0833333333334
3168,2025-02,1,43.833333333333336
3176,2023-01,1,1.9833333333333334
3176,2023-02,1,14.666666666666666
3176,2023-03,3,236.98333333333332
3176,2023-04,1,4.3
3176,2023-05,3,83.53333333333333
3176,2023-06,1,27.833333333333332
3176,2023-07,4,284.58333333333337
3176,2023-08,3,78.55
3176,2023-09,1,29.316666666666666
3176,2023-11,1,37.166666666666664
3176,2023-12,5,84.86666666666666
3176,2024-02,1,82.81666666666666
3176,2024-04,3,113.1
3176,2024-05,9,434.59999999999997
3176,2024-06,3,153.88333333333333
3176,2024-07,9,642.7666666666667
3176,2024-08,15,1518.3333333333335
3176,2024-09,3,172.86666666666667
3176,2024-10,10,710.8
3176,2024-11,1,3.4
3176,2024-12,5,79.39999999999999
3176,2025-01,1,80.0
3177,2023-01,1,32.93333333333333
3177,2023-02,1,13.733333333333333
3177,2023-03,7,293.3833333333333
3177,2023-05,7,155.2
3177,2023-06,6,209.28333333333333
3177,2023-07,2,59.88333333333333
3177,2023-08,2,110.8
3177,2023-09,4,204.0
3177,2023-10,3,117.73333333333333
3177,2023-11,12,285.45
3177,2023-12,6,260.6
3177,2024-01,3,42.1
3177,2024-02,12,759.0833333333334
3177,2024-03,5,228.75
3177,2024-05,3,134.16666666666666
3177,2024-06,4,331.75
3177,2024-07,14,1038.55
3177,2024-08,14,1355.65
3177,2024-09,2,68.11666666666666
3177,2024-10,1,1.9
3177,2024-11,1,17.166666666666668
3177,2024-12,4,236.89999999999998
3177,2025-01,6,160.31666666666666
3177,2025-02,1,68.0
3315,2023-02,2,37.45
3315,2023-11,1,25.883333333333333
3315,2023-12,3,114.51666666666667
3315,2024-01,2,86.86666666666666
3315,2024-07,1,113.15
3316,2023-06,2,24.383333333333333
3316,2023-12,1,11.85
3316,2024-04,1,19.866666666666667
3316,2024-05,1,59.36666666666667
3316,2024-07,1,99.71666666666667
3316,2025-01,1,93.5
3325,2023-01,1,36.266666666666666
3325,2023-02,1,32.75
3325,2023-05,6,163.73333333333335
3325,2023-06,2,67.6
3325,2023-07,5,279.3666666666667
3325,2023-08,1,51.13333333333333
3325,2023-09,2,133.08333333333331
3325,2023-10,2,107.78333333333333
3325,2023-11,1,23.583333333333332
3325,2024-01,1,81.25
3325,2024-07,1,80.95
3325,2024-08,1,52.65
3341,2023-01,3,137.15
3341,2023-02,4,228.73333333333332
3341,2023-03,3,457.3833333333333
3341,2023-04,5,146.06666666666666
3341,2023-05,6,294.7833333333333
3341,2023-06,6,297.1166666666667
3341,2023-07,8,476.56666666666666
3341,2023-08,2,77.93333333333334
3341,2023-09,6,383.81666666666666
3341,2023-10,6,489.79999999999995
3341,2023-11,1,83.16666666666667
3341,2023-12,5,290.55
3341,2024-01,5,277.1333333333333
3341,2024-02,6,312.33333333333337
3341,2024-03,5,327.95
3341,2024-05,7,547.4833333333333
3341,2024-06,8,499.45
3341,2024-07,5,320.06666666666666
3342,2023-01,4,409.23333333333335
3342,2023-02,4,181.01666666666665
3342,2023-03,3,33.05
3342,2023-04,6,91.76666666666667
3342,2023-05,2,31.78333333333333
3342,2023-06,5,194.46666666666667
3342,2023-07,7,327.5833333333333
3342,2023-09,2,128.33333333333334
3342,2023-11,2,69.30000000000001
3342,2023-12,2,31.116666666666667
3342,2024-01,8,174.1
3342,2024-02,2,121.73333333333333
3342,2024-05,3,122.9
3342,2024-07,5,389.31666666666666
3342,2024-08,6,457.56666666666666
3342,2024-10,1,11.133333333333333
3342,2024-11,2,51.28333333333333
3342,2024-12,1,15.2
3342,2025-01,1,15.65
3397,2023-07,1,154.4
3397,2024-01,1,101.63333333333334
3414,2023-01,3,204.78333333333333
3414,2023-02,6,184.0
3414,2023-03,3,77.3
3414,2023-04,3,114.86666666666666
3414,2023-05,4,159.28333333333333
3414,2023-06,5,174.93333333333334
3414,2023-07,12,564.9166666666666
3414,2023-08,9,307.35
3414,2023-09,5,211.45
3414,2023-11,3,185.96666666666664
3414,2023-12,4,151.36666666666667
3414,2024-01,3,285.09999999999997
3414,2024-02,4,245.21666666666667
3414,2024-03,1,54.36666666666667
3414,2024-04,3,121.66666666666667
3414,2024-05,5,202.43333333333334
3414,2024-06,2,75.93333333333334
3414,2024-07,3,71.08333333333334
3414,2024-08,11,667.5
3414,2024-09,6,320.15000000000003
3414,2024-10,4,276.8333333333333
3414,2024-11,1,41.6
3414,2024-12,3,156.48333333333335
3414,2025-01,5,209.56666666666666
3414,2025-02,1,47.55
3416,2023-07,1,71.08333333333333
3416,2023-11,1,76.56666666666666
3416,2024-02,1,137.53333333333333
3416,2024-08,2,87.26666666666667
3439,2023-01,1,11.616666666666667
3439,2023-02,1,56.65
3439,2023-03,1,13.95
3439,2023-05,4,53.333333333333336
3439,2023-06,3,64.76666666666667
3439,2023-07,4,212.41666666666669
3439,2023-09,2,78.45
3439,2023-10,1,52.45
3439,2023-12,2,163.58333333333334
3439,2024-01,2,43.0
3439,2024-07,2,89.75
3439,2024-08,2,66.91666666666666
3439,2024-09,2,196.68333333333334
3439,2024-10,1,57.733333333333334
3439,2024-11,2,88.16666666666667
3439,2024-12,1,54.28333333333333
3439,2025-02,1,37.11666666666667
3459,2023-01,3,126.38333333333334
3459,2023-02,6,284.16666666666663
3459,2023-03,11,218.91666666666666
3459,2023-04,8,352.23333333333335
3459,2023-05,7,334.4166666666667
3459,2023-06,8,317.90000000000003
3459,2023-07,9,479.3666666666667
3459,2023-08,8,524.35
3459,2023-09,4,196.45
3459,2023-10,14,446.56666666666666
3459,2023-11,7,306.75
3459,2023-12,3,278.2
3459,2024-01,10,659.3166666666666
3459,2024-02,5,196.81666666666666
3459,2024-03,7,248.43333333333334
3459,2024-04,1,54.65
3459,2024-05,6,283.84999999999997
3459,2024-06,3,170.06666666666666
3459,2024-07,3,112.56666666666666
3459,2024-08,5,235.05
3459,2024-09,4,160.91666666666666
3459,2024-10,7,322.7833333333333
3459,2024-11,4,188.95
3459,2024-12,1,37.766666666666666
3459,2025-01,6,247.26666666666668
3461,2023-07,1,65.88333333333334
3461,2024-02,1,361.1
3461,2024-08,1,98.98333333333333
3461,2024-10,1,57.21666666666667
3466,2023-05,1,65.46666666666667
3466,2023-06,3,94.05
3466,2023-07,6,204.46666666666667
3466,2023-09,5,284.4
3466,2023-10,1,31.033333333333335
3466,2023-11,1,3.45
3466,2024-01,3,168.93333333333334
3466,2024-03,1,30.366666666666667
3466,2024-05,1,26.316666666666666
3466,2024-06,3,58.766666666666666
3466,2024-07,4,209.20000000000002
3466,2024-08,3,159.8
3466,2024-09,3,88.53333333333333
3466,2024-10,5,583.6166666666667
3466,2024-12,1,72.91666666666667
3466,2025-01,1,51.666666666666664
3477,2023-01,3,402.45
3477,2023-02,2,123.36666666666666
3477,2023-03,4,292.21666666666664
3477,2023-04,4,144.4
3477,2023-05,6,310.35
3477,2023-06,3,318.66666666666663
3477,2023-07,2,103.18333333333334
3477,2023-08,1,78.53333333333333
3477,2023-09,4,288.91666666666663
3477,2023-10,2,36.0
3477,2023-11,2,110.71666666666667
3477,2023-12,3,81.76666666666667
3477,2024-01,1,82.16666666666667
3477,2024-03,2,146.05
3477,2024-04,1,5.4
3477,2024-05,1,107.81666666666666
3477,2024-06,2,138.6
3477,2024-07,1,31.266666666666666
3477,2024-08,2,125.68333333333334
3477,2024-09,1,82.35
3477,2024-10,1,40.6
3477,2024-12,4,378.85
3477,2025-01,1,34.05
3502,2023-01,1,47.266666666666666
3502,2023-02,1,25.983333333333334
3502,2023-03,1,27.5
3502,2023-04,1,25.316666666666666
3502,2023-05,2,49.45
3502,2023-06,3,46.516666666666666
3502,2023-07,3,94.15
3502,2023-08,9,248.56666666666666
3502,2023-09,3,216.43333333333334
3502,2023-10,2,78.23333333333333
3502,2023-11,1,19.466666666666665
3502,2023-12,3,235.4
3502,2024-01,1,9.316666666666666
3502,2024-02,5,224.25
3502,2024-03,4,201.08333333333334
3502,2024-04,2,39.38333333333333
3502,2024-05,7,422.23333333333335
3502,2024-07,13,671.9666666666667
3502,2024-08,9,499.4166666666667
3502,2024-09,20,2019.45
3502,2024-10,2,90.58333333333333
3502,2024-11,11,1614.6333333333332
3502,2024-12,8,1132.6166666666668
3502,2025-01,3,128.58333333333334
3514,2023-01,1,6.65
3514,2023-03,2,214.11666666666667
3514,2023-05,3,48.45
3514,2023-06,2,31.199999999999996
3514,2023-07,2,302.23333333333335
3514,2023-08,3,80.08333333333333
3514,2023-09,2,80.68333333333334
3514,2023-10,4,234.53333333333333
3514,2023-11,3,155.36666666666665
3514,2024-01,3,100.96666666666667
3514,2024-08,1,20.433333333333334
3514,2024-09,3,152.0
3514,2024-10,3,160.33333333333331
3514,2024-11,1,84.71666666666667
3514,2025-02,1,60.68333333333333
3539,2023-01,1,43.583333333333336
3539,2023-02,2,43.83333333333333
3539,2023-03,1,46.4
3539,2023-04,1,12.466666666666667
3539,2023-05,10,357.7833333333333
3539,2023-06,13,532.05
3539,2023-07,11,391.3333333333333
3539,2023-08,4,140.35
3539,2023-09,7,398.31666666666666
3539,2023-10,3,128.51666666666665
3539,2023-11,2,68.15
3539,2023-12,1,26.183333333333334
3539,2024-01,4,140.5
3539,2024-02,3,131.71666666666667
3539,2024-03,2,83.06666666666666
3539,2024-05,3,192.78333333333333
3539,2024-06,5,168.08333333333334
3539,2024-07,5,350.3
3539,2024-08,5,211.5
3539,2024-09,1,41.38333333333333
3539,2024-10,15,927.75
3539,2024-11,1,60.416666666666664
3539,2025-02,1,16.75
3547,2023-01,10,532.5666666666666
3547,2023-02,4,291.8
3547,2023-03,7,426.65000000000003
3547,2023-04,6,400.7166666666667
3547,2023-05,8,320.65
3547,2023-06,11,891.1666666666666
3547,2023-07,9,678.9666666666667
3547,2023-08,12,592.9166666666666
3547,2023-09,7,460.9166666666667
3547,2023-10,8,722.2333333333333
3547,2023-11,7,542.15
3547,2023-12,2,129.66666666666666
3547,2024-01,8,519.6833333333334
3547,2024-02,2,168.13333333333333
3547,2024-03,8,872.8
3547,2024-04,6,549.25
3547,2024-05,3,237.86666666666667
3547,2024-06,4,259.51666666666665
3547,2024-07,5,253.88333333333333
3547,2024-08,15,1176.8
3547,2024-09,14,1274.8166666666666
3547,2024-10,11,1009.3666666666667
3547,2024-11,10,890.9833333333333
3547,2024-12,10,879.9666666666667
3547,2025-01,13,1198.2833333333333
3547,2025-02,1,55.18333333333333
3548,2023-01,4,234.61666666666667
3548,2023-02,3,96.88333333333333
3548,2023-03,8,183.01666666666665
3548,2023-04,5,93.28333333333333
3548,2023-05,7,266.76666666666665
3548,2023-06,10,480.90000000000003
3548,2023-07,5,276.75
3548,2023-08,2,110.68333333333334
3548,2023-09,5,399.7833333333333
3548,2023-10,7,197.13333333333333
3548,2023-11,4,144.18333333333334
3548,2023-12,2,86.41666666666666
3548,2024-01,5,280.1166666666667
3548,2024-02,10,512.9333333333334
3548,2024-03,10,434.3
3548,2024-04,6,190.93333333333334
3548,2024-05,4,231.41666666666666
3548,2024-06,6,378.3
3548,2024-07,5,225.33333333333334
3548,2024-08,7,947.7500000000001
3548,2024-09,2,100.15
3548,2024-10,4,130.71666666666667
3548,2024-11,2,153.8
3548,2024-12,4,180.41666666666669
3549,2023-01,2,177.2
3549,2023-02,2,99.28333333333333
3549,2023-03,4,317.3833333333333
3549,2023-04,1,19.783333333333335
3549,2023-06,1,113.71666666666667
3549,2023-07,2,175.63333333333333
3549,2023-09,1,125.48333333333333
3549,2023-10,4,485.0
3549,2023-11,5,230.81666666666666
3549,2023-12,1,5.8
3549,2024-01,1,44.15
3549,2024-02,1,73.76666666666667
3549,2024-03,2,55.0
3549,2024-04,2,141.39999999999998
3549,2024-05,3,57.68333333333333
3549,2024-08,5,361.95
3549,2024-09,7,714.6
3549,2024-10,5,395.98333333333335
3549,2024-11,8,756.6166666666667
3549,2024-12,8,696.0666666666667
3549,2025-01,11,969.9499999999999
3550,2023-02,4,74.51666666666667
3550,2023-06,1,4.666666666666667
3550,2023-07,5,206.79999999999998
3550,2023-08,2,31.18333333333333
3550,2023-09,1,80.78333333333333
3550,2023-11,1,47.06666666666667
3550,2023-12,1,24.75
3550,2024-03,2,146.3
3550,2024-04,2,54.88333333333333
3550,2024-05,3,166.81666666666666
3550,2024-12,5,130.66666666666666
3550,2025-02,1,70.36666666666666
3551,2023-01,1,70.81666666666666
3551,2023-02,6,79.85
3551,2023-06,1,36.983333333333334
3551,2023-11,1,16.816666666666666
3551,2023-12,3,93.75
3551,2024-02,1,304.78333333333336
3551,2024-03,1,9.166666666666666
3551,2024-04,1,40.016666666666666
3551,2024-05,2,52.983333333333334
3551,2024-12,2,66.71666666666667
3551,2025-02,1,70.58333333333333
3557,2023-01,1,17.6
3557,2023-02,10,422.4
3557,2023-03,3,162.26666666666665
3557,2023-04,2,99.16666666666666
3557,2023-05,8,450.1
3557,2023-06,2,98.18333333333334
3557,2023-07,2,88.95
3557,2023-08,1,63.21666666666667
3557,2023-10,1,9.8
3557,2023-11,4,181.21666666666667
3557,2023-12,1,43.0
3557,2024-01,1,44.916666666666664
3557,2024-02,1,113.05
3557,2024-04,6,295.4666666666667
3557,2024-06,5,196.81666666666666
3557,2024-08,1,44.416666666666664
3557,2024-12,1,29.766666666666666
3557,2025-01,1,30.633333333333333
3566,2023-01,7,188.71666666666667
3566,2023-02,17,831.0
3566,2023-03,20,763.4166666666666
3566,2023-04,8,294.3833333333333
3566,2023-05,8,329.43333333333334
3566,2023-06,15,562.4
3566,2023-07,4,194.61666666666665
3566,2023-08,2,65.38333333333334
3566,2023-09,1,50.13333333333333
3566,2023-10,8,259.48333333333335
3566,2023-11,7,238.76666666666668
3566,2023-12,4,194.18333333333334
3566,2024-01,4,381.58333333333337
3566,2024-02,4,294.43333333333334
3566,2024-03,7,319.2
3566,2024-04,3,187.23333333333335
3566,2024-05,2,99.2
3566,2024-06,4,229.2
3566,2024-07,7,425.9
3566,2024-08,7,381.68333333333334
3566,2024-09,5,348.1166666666667
3566,2024-10,6,450.18333333333334
3566,2024-11,2,150.91666666666669
3566,2024-12,2,36.916666666666664
3566,2025-01,2,133.76666666666668
3582,2023-01,6,150.5
3582,2023-02,9,225.05
3582,2023-03,5,121.15
3582,2023-04,2,27.583333333333332
3582,2023-05,1,9.5
3582,2023-06,3,74.48333333333333
3582,2023-07,6,246.35
3582,2023-08,3,85.31666666666666
3582,2023-09,2,183.15
3582,2023-10,2,69.5
3582,2023-11,3,134.68333333333334
3582,2023-12,4,100.63333333333334
3582,2024-01,1,26.583333333333332
3582,2024-02,2,57.78333333333334
3582,2024-03,2,36.3
3582,2024-04,1,24.7
3582,2024-05,2,137.86666666666667
3582,2024-06,4,104.11666666666667
3582,2024-07,2,181.18333333333334
3582,2024-08,5,226.08333333333334
3582,2024-10,4,155.86666666666667
3582,2024-11,4,311.51666666666665
3582,2024-12,2,83.18333333333334
3582,2025-01,1,5.433333333333334
3596,2023-01,7,258.4166666666667
3596,2023-02,1,22.566666666666666
3596,2023-03,8,260.90000000000003
3596,2023-04,5,94.16666666666666
3596,2023-05,8,181.00000000000003
3596,2023-06,14,499.26666666666665
3596,2023-07,16,696.4833333333333
3596,2023-08,10,311.2166666666667
3596,2023-09,4,214.21666666666667
3596,2023-10,2,57.33333333333333
3596,2023-11,12,647.95
3596,2023-12,5,189.98333333333332
3596,2024-01,6,190.51666666666665
3596,2024-02,5,76.76666666666667
3596,2024-03,9,544.7666666666667
3596,2024-04,1,11.416666666666666
3596,2024-05,2,60.05
3596,2024-06,6,189.13333333333333
3596,2024-07,8,346.1166666666667
3596,2024-08,5,271.05
3596,2024-09,6,253.14999999999998
3596,2024-10,2,146.0
3596,2024-11,1,38.1
3596,2024-12,5,156.23333333333335
3596,2025-01,5,148.95
3604,2023-01,1,110.25
3604,2023-02,5,321.18333333333334
3604,2023-03,3,299.7666666666667
3604,2023-04,1,68.45
3604,2023-05,6,246.31666666666666
3604,2023-06,4,422.48333333333335
3604,2023-07,7,580.75
3604,2023-09,1,119.05
3604,2023-11,1,62.46666666666667
3604,2024-01,1,81.03333333333333
3604,2024-02,1,298.25
3604,2024-03,1,70.66666666666667
3604,2024-04,1,203.43333333333334
3604,2024-06,1,206.15
3604,2024-07,2,453.21666666666664
3604,2024-08,2,567.9666666666667
3697,2023-01,2,54.71666666666667
3697,2023-02,1,43.13333333333333
3697,2023-03,3,87.51666666666667
3697,2023-04,5,238.66666666666666
3697,2023-05,6,385.01666666666665
3697,2023-06,1,67.66666666666667
3697,2023-08,3,213.39999999999998
3697,2023-09,4,211.86666666666665
3697,2023-10,5,471.01666666666665
3697,2023-11,3,161.11666666666667
3697,2024-01,2,47.016666666666666
3697,2024-02,4,269.45
3697,2024-03,7,441.93333333333334
3697,2024-04,5,221.35
3697,2024-05,3,93.43333333333334
3697,2024-06,11,1005.35
3697,2024-07,18,1471.9333333333334
3697,2024-08,5,229.36666666666667
3697,2024-09,2,112.81666666666666
3697,2024-10,7,553.1166666666667
3697,2024-11,10,831.3666666666667
3697,2024-12,6,583.6
3697,2025-01,8,789.8833333333333
3697,2025-02,1,109.5
3873,2023-01,1,20.966666666666665
3873,2023-02,1,50.0
3873,2023-03,7,462.8
3873,2023-04,1,117.11666666666666
3873,2023-05,3,80.76666666666667
3873,2023-06,1,23.85
3873,2023-07,3,175.48333333333335
3873,2023-08,1,43.05
3873,2023-09,5,328.7
3873,2023-10,3,91.85
3873,2023-11,1,22.566666666666666
3873,2023-12,2,103.78333333333333
3873,2024-02,5,237.56666666666666
3873,2024-03,7,396.08333333333337
3873,2024-05,1,20.483333333333334
3873,2024-06,5,282.8666666666667
3873,2024-07,3,126.55
3873,2024-11,3,220.96666666666667
3873,2024-12,2,74.41666666666667
3873,2025-01,1,30.2
3903,2023-01,1,24.0
3903,2023-02,2,48.68333333333334
3903,2023-03,1,199.98333333333332
3903,2023-04,2,216.26666666666665
3903,2023-05,1,59.416666666666664
3903,2023-06,3,217.35000000000002
3903,2023-07,3,167.31666666666666
3903,2023-08,2,194.28333333333333
3903,2023-09,1,55.9
3903,2023-10,4,195.08333333333331
3903,2023-11,3,192.14999999999998
3903,2023-12,1,12.1
3903,2024-01,3,223.8
3903,2024-02,3,292.4166666666667
3903,2024-03,3,188.78333333333333
3903,2024-04,2,162.85
3903,2024-05,1,31.533333333333335
3903,2024-06,3,190.64999999999998
3903,2024-07,4,717.2333333333333
3903,2024-08,2,50.93333333333333
3903,2024-09,2,61.7
3903,2024-10,1,2.6666666666666665
3903,2024-11,1,103.2
3903,2024-12,3,48.21666666666666
3903,2025-01,3,59.18333333333334
3904,2023-01,12,743.7333333333333
3904,2023-02,2,131.58333333333334
3904,2023-03,7,248.01666666666665
3904,2023-06,1,50.25
3904,2023-07,3,106.48333333333333
3904,2023-08,4,135.85
3904,2023-09,3,165.23333333333335
3904,2023-10,2,103.4
3904,2023-11,4,159.51666666666665
3904,2023-12,4,117.03333333333335
3904,2024-01,3,159.83333333333331
3904,2024-02,3,87.0
3904,2024-04,3,569.6166666666667
3904,2024-05,1,96.83333333333333
3904,2024-06,4,198.88333333333333
3904,2024-07,2,135.05
3904,2024-08,4,256.1166666666667
3904,2024-10,1,57.733333333333334
3904,2024-11,1,49.96666666666667
3904,2024-12,3,74.76666666666667
3905,2023-01,2,71.91666666666666
3905,2023-02,1,33.96666666666667
3905,2023-03,10,379.6
3905,2023-04,2,102.03333333333333
3905,2023-05,6,210.31666666666666
3905,2023-06,15,376.16666666666663
3905,2023-07,12,602.0166666666667
3905,2023-08,9,240.51666666666668
3905,2023-09,7,362.2
3905,2023-10,6,289.25
3905,2023-11,2,100.11666666666667
3905,2023-12,5,147.53333333333333
3905,2024-01,7,521.0833333333333
3905,2024-02,4,203.88333333333333
3905,2024-03,3,176.95
3905,2024-04,7,360.56666666666666
3905,2024-05,5,287.75
3905,2024-06,4,238.06666666666666
3905,2024-07,8,321.83333333333337
3905,2024-08,7,246.86666666666667
3905,2024-09,12,577.85
3905,2024-10,1,22.45
3905,2024-11,4,264.35
3905,2024-12,6,214.28333333333333
3905,2025-01,5,299.91666666666663
3957,2023-02,5,294.41666666666663
3957,2023-03,4,521.1
3957,2023-04,4,301.68333333333334
3957,2023-05,9,565.3333333333334
3957,2023-06,4,209.64999999999998
3957,2023-07,2,130.86666666666667
3957,2023-10,2,236.7
3957,2023-11,1,132.58333333333334
3957,2024-01,3,135.93333333333334
3957,2024-02,2,369.4
3957,2024-03,4,252.13333333333333
3957,2024-04,3,167.98333333333335
3957,2024-05,2,75.31666666666666
3957,2024-06,2,194.11666666666667
3957,2024-07,5,611.6833333333334
3957,2024-08,4,373.56666666666666
3957,2024-09,5,409.85
3957,2024-12,2,94.61666666666667
3957,2025-01,1,52.63333333333333
3957,2025-02,1,14.483333333333333
3961,2023-06,2,90.33333333333333
3961,2023-07,2,190.46666666666667
3961,2024-02,1,127.48333333333333
3961,2024-03,1,66.96666666666667
4092,2023-01,1,14.516666666666667
4092,2023-04,1,45.45
4092,2023-05,2,50.28333333333333
4092,2023-06,3,84.1
4092,2023-07,3,171.18333333333334
4092,2023-09,1,120.55
4171,2023-07,1,24.733333333333334
4171,2023-10,3,89.6
4171,2023-11,8,501.6
4171,2023-12,3,262.43333333333334
4171,2024-01,1,68.71666666666667
4171,2024-02,2,59.38333333333333
4171,2024-03,3,235.61666666666667
4171,2024-04,4,290.8666666666667
4171,2024-05,4,302.91666666666663
4171,2024-06,1,114.36666666666666
4171,2024-07,5,364.9666666666667
4171,2024-08,5,386.3
4171,2024-12,1,35.766666666666666
4171,2025-01,4,185.89999999999998
4171,2025-02,2,288.81666666666666
4264,2023-01,1,39.36666666666667
4264,2023-05,3,27.900000000000002
4264,2023-07,1,3.316666666666667
